MEDHHINC_2018,Median_Household_Income_2018,anycondition_prevalence,COPD_prevalence,diabetes_prevalence,CKD_prevalence
48809.0,48809.0,47.3,9.2,12.4,3.3
43328.0,43328.0,51.9,10.9,14.0,3.6
38572.0,38572.0,55.2,13.9,15.6,3.7
51487.0,51487.0,44.4,10.5,13.2,3.4
54658.0,54658.0,47.2,8.1,11.6,3.4
39545.0,39545.0,52.2,11.4,15.6,3.9
56694.0,56694.0,37.9,8.5,11.0,3.1
63631.0,63631.0,45.3,6.4,10.7,2.8
42862.0,42862.0,49.8,11.9,15.2,4.2
48814.0,48814.0,50.1,8.8,15.1,3.8
43533.0,43533.0,55.4,9.6,16.7,3.9
51058.0,51058.0,47.5,7.5,12.1,3.7
40285.0,40285.0,53.2,9.8,16.6,3.8
39522.0,39522.0,47.2,10.7,13.0,3.9
47412.0,47412.0,47.7,8.4,13.8,4.0
53811.0,53811.0,47.1,8.3,12.0,3.4
45408.0,45408.0,44.0,7.7,11.8,3.1
63681.0,63681.0,42.7,8.3,12.2,3.2
48589.0,48589.0,51.5,11.5,14.0,3.9
46365.0,46365.0,51.6,9.7,14.5,4.2
45510.0,45510.0,49.4,9.9,12.4,3.5
87377.0,87377.0,39.4,4.8,8.1,2.4
41700.0,41700.0,44.6,6.9,10.9,3.2
62657.0,62657.0,45.9,7.9,12.1,3.3
57193.0,57193.0,50.5,9.9,12.9,3.1
32597.0,32597.0,57.7,12.6,19.9,5.1
47380.0,47380.0,51.5,10.0,12.6,3.4
81061.0,81061.0,38.6,6.6,9.6,2.8
46832.0,46832.0,48.9,11.0,13.0,3.5
48370.0,48370.0,47.6,10.5,12.6,3.5
49220.0,49220.0,47.8,9.8,12.3,3.3
44290.0,44290.0,56.6,15.2,18.8,4.5
38709.0,38709.0,49.6,11.4,14.6,3.8
58465.0,58465.0,47.1,6.8,10.5,2.9
40395.0,40395.0,41.4,8.2,9.6,2.7
30570.0,30570.0,50.4,9.3,16.9,4.6
52611.0,52611.0,42.6,5.8,11.0,2.8
51812.0,51812.0,46.1,7.5,12.4,3.0
42282.0,42282.0,39.9,8.6,10.2,3.0
75663.0,75663.0,43.5,6.9,10.6,2.7
59323.0,59323.0,47.3,9.3,11.4,3.2
56166.0,56166.0,48.1,10.8,12.9,3.2
34297.0,34297.0,55.9,11.5,18.4,4.3
60044.0,60044.0,45.5,7.8,11.6,3.0
32715.0,32715.0,52.7,14.1,16.0,4.3
36132.0,36132.0,58.5,12.3,19.3,4.7
67220.0,67220.0,47.8,8.7,13.1,3.4
43696.0,43696.0,49.3,11.7,14.4,3.8
72451.0,72451.0,45.1,6.7,11.1,2.8
73619.0,73619.0,34.6,4.5,8.6,2.4
46706.0,46706.0,52.2,9.7,13.0,3.4
48010.0,48010.0,53.3,10.0,14.9,3.6
45434.0,45434.0,53.6,11.8,14.9,3.7
68106.0,68106.0,38.6,5.4,9.7,2.6
84213.0,84213.0,28.4,5.9,9.2,2.9
26449.0,26449.0,59.7,12.4,21.9,5.2
87336.0,87336.0,37.0,6.1,9.5,2.6
61987.0,61987.0,45.7,6.2,12.7,3.0
40077.0,40077.0,47.1,9.2,14.4,3.7
63772.0,63772.0,40.0,5.6,9.2,2.6
60450.0,60450.0,49.5,9.9,13.8,3.7
49200.0,49200.0,42.4,8.1,11.4,3.4
45817.0,45817.0,48.8,11.1,13.1,3.7
56800.0,56800.0,48.1,8.5,12.1,3.3
37002.0,37002.0,56.1,11.2,18.2,4.4
57709.0,57709.0,47.3,9.0,11.6,3.0
40866.0,40866.0,48.8,11.4,14.3,3.9
48763.0,48763.0,42.9,7.4,13.1,3.5
97525.0,97525.0,32.8,5.0,8.1,2.5
44183.0,44183.0,58.4,14.3,16.3,3.7
42720.0,42720.0,54.0,11.2,15.1,3.7
55174.0,55174.0,47.0,8.6,11.1,3.2
88709.0,88709.0,33.6,5.9,9.0,2.7
53360.0,53360.0,50.1,8.6,12.9,3.3
47284.0,47284.0,55.8,13.1,15.5,3.6
66502.0,66502.0,45.3,9.6,12.2,3.0
25973.0,25973.0,60.1,11.3,18.1,4.6
68483.0,68483.0,38.2,7.8,11.3,3.3
36032.0,36032.0,53.4,13.7,16.9,4.5
89964.0,89964.0,47.7,6.9,10.8,2.6
48018.0,48018.0,50.1,9.5,14.4,3.7
48448.0,48448.0,46.9,9.3,12.7,3.8
42153.0,42153.0,54.8,9.9,19.8,4.7
42624.0,42624.0,49.5,9.3,13.7,3.6
41873.0,41873.0,48.0,10.4,12.4,3.1
61342.0,61342.0,46.1,7.7,11.3,3.2
51258.0,51258.0,49.9,9.9,11.9,3.4
50637.0,50637.0,43.8,7.1,10.0,3.0
37834.0,37834.0,58.3,12.2,18.0,4.1
63790.0,63790.0,45.1,7.6,11.9,3.1
41295.0,41295.0,49.0,8.6,13.7,3.9
40691.0,40691.0,57.5,13.9,15.6,3.7
74351.0,74351.0,37.4,7.5,9.8,2.7
75629.0,75629.0,36.0,5.4,8.9,2.6
53785.0,53785.0,48.7,7.2,13.7,3.2
49265.0,49265.0,46.4,10.1,13.9,4.0
28298.0,28298.0,58.2,13.4,23.0,5.6
33393.0,33393.0,54.9,11.4,19.3,4.6
75421.0,75421.0,37.7,5.7,8.0,2.5
48409.0,48409.0,43.2,8.6,12.2,3.1
54292.0,54292.0,40.9,6.0,11.1,2.8
52642.0,52642.0,48.5,8.5,11.6,3.3
53377.0,53377.0,47.1,10.1,14.9,3.9
51939.0,51939.0,45.8,7.3,10.8,3.2
46049.0,46049.0,54.6,9.3,15.5,3.7
51656.0,51656.0,44.7,6.6,11.7,3.1
68724.0,68724.0,45.6,7.8,11.5,3.0
72111.0,72111.0,44.6,7.7,11.7,3.0
34024.0,34024.0,59.6,11.3,18.4,4.9
51280.0,51280.0,47.6,9.2,11.3,3.3
66056.0,66056.0,48.7,10.1,13.0,3.0
53419.0,53419.0,37.7,7.4,10.5,3.0
51241.0,51241.0,48.4,11.5,15.9,4.0
60627.0,60627.0,41.2,7.2,11.1,2.9
71374.0,71374.0,44.0,8.2,10.5,2.8
44475.0,44475.0,49.7,9.6,14.0,3.6
47858.0,47858.0,50.9,10.5,13.6,3.6
56451.0,56451.0,48.0,8.2,12.4,3.2
59938.0,59938.0,46.8,6.7,11.3,3.4
36760.0,36760.0,57.2,11.6,19.3,4.8
53917.0,53917.0,46.6,8.8,12.4,3.3
67269.0,67269.0,41.1,5.6,9.7,2.8
70807.0,70807.0,44.5,6.4,11.2,2.7
73703.0,73703.0,44.7,8.2,12.8,3.5
32228.0,32228.0,60.6,16.5,18.8,4.3
48998.0,48998.0,51.7,13.2,15.4,3.6
62792.0,62792.0,43.8,6.2,10.7,3.2
46843.0,46843.0,49.4,9.6,13.8,3.4
76224.0,76224.0,43.4,5.8,8.9,2.5
60572.0,60572.0,47.5,9.8,11.7,3.3
42897.0,42897.0,37.0,6.3,10.4,3.2
53906.0,53906.0,41.1,8.8,13.4,3.6
56478.0,56478.0,50.9,8.1,11.3,3.2
37429.0,37429.0,54.5,11.0,16.9,4.1
44389.0,44389.0,47.3,10.2,13.5,3.5
45796.0,45796.0,48.6,10.8,13.7,3.4
60010.0,60010.0,44.4,9.8,12.7,3.1
52165.0,52165.0,50.6,9.7,13.2,3.2
48029.0,48029.0,51.0,9.3,15.7,3.8
44883.0,44883.0,49.2,10.4,13.7,3.7
49122.0,49122.0,45.9,9.9,12.6,3.4
47365.0,47365.0,45.7,8.6,12.5,3.4
51805.0,51805.0,47.8,8.0,12.3,3.4
33976.0,33976.0,51.1,11.6,18.4,4.8
28887.0,28887.0,63.3,13.3,23.1,5.5
50285.0,50285.0,47.6,10.1,14.1,3.7
47288.0,47288.0,47.6,9.1,13.9,4.1
56978.0,56978.0,47.6,7.3,10.1,3.1
37755.0,37755.0,54.1,12.4,14.5,3.8
42457.0,42457.0,51.8,11.8,14.3,3.8
39633.0,39633.0,53.9,10.2,16.4,3.9
35070.0,35070.0,55.1,12.3,17.6,4.4
56503.0,56503.0,37.4,8.3,12.7,3.7
59064.0,59064.0,47.5,7.4,13.2,3.3
35020.0,35020.0,56.3,11.2,17.1,4.2
51393.0,51393.0,37.5,6.1,9.7,2.8
32167.0,32167.0,57.8,10.8,19.2,4.5
47425.0,47425.0,50.7,9.8,12.1,3.4
46176.0,46176.0,50.1,9.1,13.5,3.5
34648.0,34648.0,51.8,14.6,16.8,4.0
55322.0,55322.0,46.9,6.9,10.6,3.1
39254.0,39254.0,49.9,11.7,15.5,3.9
41127.0,41127.0,54.9,11.4,16.4,4.1
58398.0,58398.0,41.8,8.1,11.3,3.1
39046.0,39046.0,53.3,10.7,17.2,4.1
55514.0,55514.0,44.0,8.6,12.9,3.5
84470.0,84470.0,42.3,6.2,10.4,2.8
42532.0,42532.0,53.4,12.8,16.0,3.9
52814.0,52814.0,47.6,9.8,16.0,4.4
35317.0,35317.0,57.4,15.4,17.0,3.9
46633.0,46633.0,46.0,6.1,14.2,3.8
64456.0,64456.0,46.3,7.0,10.6,3.1
51771.0,51771.0,47.7,8.4,13.0,3.1
77032.0,77032.0,39.1,5.4,10.5,2.5
44297.0,44297.0,53.2,10.0,13.8,3.4
49399.0,49399.0,46.5,9.8,14.8,3.9
59219.0,59219.0,45.3,7.5,10.5,3.2
64170.0,64170.0,44.6,7.3,10.3,2.5
43245.0,43245.0,50.6,11.3,15.1,4.0
50956.0,50956.0,47.0,8.9,12.0,3.1
47658.0,47658.0,50.0,12.6,15.1,3.6
63241.0,63241.0,45.4,9.9,11.9,3.0
55345.0,55345.0,44.5,7.2,11.0,2.9
37392.0,37392.0,50.0,13.2,15.3,3.6
42475.0,42475.0,53.0,12.9,15.3,3.8
49522.0,49522.0,53.7,10.7,14.6,3.4
39037.0,39037.0,53.1,13.2,16.8,4.3
54332.0,54332.0,50.3,8.6,14.0,3.6
41413.0,41413.0,53.9,9.4,19.5,4.8
29267.0,29267.0,60.7,10.9,20.6,4.5
64644.0,64644.0,46.4,9.2,12.0,2.8
31182.0,31182.0,60.5,17.0,17.6,4.3
45023.0,45023.0,45.4,10.4,13.9,3.7
40741.0,40741.0,57.4,11.5,19.1,4.3
55583.0,55583.0,41.2,8.9,11.4,3.1
41864.0,41864.0,45.6,10.7,13.6,3.8
53992.0,53992.0,45.7,8.9,12.7,3.4
60608.0,60608.0,41.5,6.4,9.8,2.8
47319.0,47319.0,41.2,8.1,11.6,3.2
59524.0,59524.0,36.4,5.4,8.5,2.6
66901.0,66901.0,46.2,8.6,12.1,3.0
36192.0,36192.0,56.1,14.6,17.0,4.1
56381.0,56381.0,43.8,7.0,12.6,2.9
110601.0,110601.0,23.9,3.8,8.8,2.3
63274.0,63274.0,38.4,6.6,8.5,2.5
52506.0,52506.0,49.1,9.3,12.4,3.1
42542.0,42542.0,49.6,9.7,14.0,3.6
38242.0,38242.0,41.8,8.2,13.5,4.2
39574.0,39574.0,58.1,11.8,19.0,4.2
60908.0,60908.0,54.4,10.7,13.3,3.1
27767.0,27767.0,62.9,13.1,22.4,5.2
38879.0,38879.0,52.0,12.1,14.4,3.6
49082.0,49082.0,46.1,9.3,14.4,3.5
39491.0,39491.0,52.3,12.5,15.6,3.8
50671.0,50671.0,47.1,7.3,13.5,3.2
42821.0,42821.0,55.3,10.8,14.3,3.5
43591.0,43591.0,50.9,10.4,16.3,4.0
51525.0,51525.0,49.2,8.9,13.0,3.4
51911.0,51911.0,44.8,7.6,11.1,3.4
51674.0,51674.0,54.0,12.9,15.1,3.5
51868.0,51868.0,52.5,10.7,13.5,3.2
44659.0,44659.0,39.0,7.4,11.3,3.5
51859.0,51859.0,50.2,11.9,13.9,3.4
36908.0,36908.0,56.2,11.7,20.3,5.1
58035.0,58035.0,50.2,8.3,13.1,3.4
45661.0,45661.0,55.4,13.3,15.6,3.7
52086.0,52086.0,44.8,8.2,12.4,3.6
82814.0,82814.0,36.3,5.4,9.0,2.6
84381.0,84381.0,33.6,4.1,8.2,2.2
28524.0,28524.0,62.4,13.4,25.6,5.8
52557.0,52557.0,45.6,7.5,12.0,2.8
65635.0,65635.0,43.8,8.3,10.9,2.9
66607.0,66607.0,38.9,7.4,11.0,3.1
53469.0,53469.0,45.4,8.3,11.9,3.3
53188.0,53188.0,46.1,8.7,12.3,3.7
61053.0,61053.0,41.7,8.1,11.0,2.8
43079.0,43079.0,42.5,8.9,10.8,3.0
28024.0,28024.0,64.3,13.1,24.0,5.7
58715.0,58715.0,47.6,8.1,13.0,3.6
51559.0,51559.0,49.5,8.4,13.0,3.2
37370.0,37370.0,54.4,11.6,14.5,3.7
33160.0,33160.0,57.2,8.2,20.0,4.6
30691.0,30691.0,55.0,14.8,16.5,4.1
59732.0,59732.0,49.4,10.0,12.4,3.5
67897.0,67897.0,45.7,6.8,10.2,2.8
84170.0,84170.0,33.7,5.6,9.7,2.9
49073.0,49073.0,49.7,10.9,13.6,3.6
44040.0,44040.0,53.6,12.0,14.5,3.6
49507.0,49507.0,50.4,10.2,12.3,3.6
42307.0,42307.0,53.3,12.8,15.0,3.9
55202.0,55202.0,49.1,10.5,12.4,3.2
50531.0,50531.0,40.0,6.1,8.4,2.3
39506.0,39506.0,55.6,11.6,18.8,4.8
62343.0,62343.0,44.1,6.8,9.9,2.5
66849.0,66849.0,48.0,8.3,12.9,3.3
41455.0,41455.0,51.0,11.9,14.5,3.7
62522.0,62522.0,46.4,9.2,11.0,3.1
53745.0,53745.0,49.2,9.5,10.8,3.1
122930.0,122930.0,32.8,4.3,9.5,2.5
51188.0,51188.0,46.9,9.5,14.8,3.9
82533.0,82533.0,32.0,4.9,8.1,2.6
48831.0,48831.0,49.6,10.4,15.0,3.6
55242.0,55242.0,35.9,8.1,11.7,3.8
32906.0,32906.0,57.9,14.7,16.6,3.9
31419.0,31419.0,53.3,11.3,17.4,4.2
58943.0,58943.0,38.3,7.4,10.9,3.2
56837.0,56837.0,43.1,7.9,13.1,3.5
47202.0,47202.0,46.1,6.6,11.4,3.1
56456.0,56456.0,49.5,10.6,12.8,3.7
50412.0,50412.0,46.3,10.5,13.5,3.4
56775.0,56775.0,47.4,7.9,13.7,3.4
44564.0,44564.0,47.7,10.7,13.2,3.5
55334.0,55334.0,49.1,10.7,13.3,3.3
57069.0,57069.0,37.0,6.3,10.8,3.3
41517.0,41517.0,51.0,10.9,13.8,3.7
42423.0,42423.0,57.2,12.0,18.6,4.3
44710.0,44710.0,48.0,10.4,14.7,3.9
45268.0,45268.0,49.4,9.7,13.5,3.4
38704.0,38704.0,61.5,15.0,16.5,3.9
48688.0,48688.0,41.5,8.9,11.1,3.4
82445.0,82445.0,46.0,5.6,14.4,3.2
40433.0,40433.0,54.4,10.9,17.3,4.4
60826.0,60826.0,40.9,7.5,12.7,3.2
43159.0,43159.0,49.8,12.7,16.0,4.0
58648.0,58648.0,45.0,7.4,10.4,3.2
49321.0,49321.0,47.1,8.4,12.5,3.6
70649.0,70649.0,39.6,9.6,13.8,4.0
46912.0,46912.0,51.5,10.8,17.2,4.5
59114.0,59114.0,40.4,8.4,10.4,2.9
55776.0,55776.0,48.2,9.6,15.0,3.9
46345.0,46345.0,45.7,10.0,12.9,3.5
51030.0,51030.0,44.5,10.3,13.0,3.3
45697.0,45697.0,50.9,9.9,13.8,3.6
55860.0,55860.0,46.8,9.4,12.9,3.2
83014.0,83014.0,34.6,5.2,8.4,2.7
46262.0,46262.0,45.8,9.4,11.7,3.2
49161.0,49161.0,52.0,12.0,14.6,3.6
64714.0,64714.0,41.4,7.1,9.8,2.7
61044.0,61044.0,33.5,6.8,10.2,3.1
42701.0,42701.0,49.7,10.0,15.0,4.0
45670.0,45670.0,47.1,7.3,14.3,3.6
61387.0,61387.0,44.0,6.2,10.6,3.1
41101.0,41101.0,42.4,8.2,11.2,3.4
58448.0,58448.0,35.1,5.6,8.8,2.4
58890.0,58890.0,45.8,8.7,12.6,3.1
54339.0,54339.0,43.4,7.0,11.0,3.1
56211.0,56211.0,40.3,8.8,11.7,3.6
37013.0,37013.0,54.8,12.5,15.1,4.1
40761.0,40761.0,49.0,11.1,13.1,3.8
72949.0,72949.0,31.2,5.4,8.0,2.6
53871.0,53871.0,47.1,10.0,11.7,3.1
56169.0,56169.0,46.5,7.0,12.8,3.4
44735.0,44735.0,53.4,9.5,15.6,3.9
55079.0,55079.0,37.3,8.3,11.9,3.7
65209.0,65209.0,48.7,9.6,11.1,3.1
53795.0,53795.0,42.7,8.6,11.9,3.3
68381.0,68381.0,37.3,6.7,10.5,3.0
55226.0,55226.0,41.2,6.9,10.2,3.0
52318.0,52318.0,41.0,6.6,12.0,3.3
66151.0,66151.0,51.0,10.1,13.0,3.0
49640.0,49640.0,51.7,8.4,15.9,3.6
59043.0,59043.0,46.8,10.1,12.3,3.3
44693.0,44693.0,44.8,9.9,12.4,3.5
43274.0,43274.0,50.8,8.8,13.8,3.7
30490.0,30490.0,55.0,7.9,19.4,4.5
35751.0,35751.0,60.1,16.1,17.6,4.2
57925.0,57925.0,45.1,8.0,12.0,3.2
54331.0,54331.0,48.7,9.8,12.6,3.2
43651.0,43651.0,54.1,12.4,14.5,3.6
39463.0,39463.0,49.3,11.3,13.2,3.6
43535.0,43535.0,46.9,9.4,12.8,3.3
54865.0,54865.0,46.8,7.9,11.5,3.4
50605.0,50605.0,50.3,8.5,12.5,3.4
49712.0,49712.0,38.0,6.8,11.3,3.3
47057.0,47057.0,33.4,4.9,7.1,2.0
42689.0,42689.0,49.3,11.6,13.8,3.7
68126.0,68126.0,47.8,7.0,11.7,2.7
48529.0,48529.0,48.3,7.3,12.7,3.1
47049.0,47049.0,49.2,11.1,13.6,3.6
55245.0,55245.0,43.5,8.6,11.1,3.4
65280.0,65280.0,48.8,8.6,12.0,2.8
61508.0,61508.0,45.5,8.1,10.0,2.9
47674.0,47674.0,36.2,6.6,10.1,3.1
40909.0,40909.0,51.2,9.4,14.5,3.6
42522.0,42522.0,48.8,8.5,11.7,3.1
80189.0,80189.0,44.0,5.5,10.2,2.5
51327.0,51327.0,48.9,8.1,12.7,3.6
51131.0,51131.0,47.4,9.5,13.4,3.6
44776.0,44776.0,53.0,7.9,15.0,3.6
48763.0,48763.0,45.3,8.5,12.5,3.6
61652.0,61652.0,41.9,10.1,13.1,4.0
63310.0,63310.0,45.3,6.0,12.8,3.1
79719.0,79719.0,39.5,7.1,11.5,2.9
41899.0,41899.0,52.6,9.7,14.2,3.8
70495.0,70495.0,41.5,8.7,12.0,3.5
64387.0,64387.0,30.9,4.5,7.4,2.2
47097.0,47097.0,48.8,8.4,12.4,3.5
55879.0,55879.0,38.8,7.3,10.4,3.2
57934.0,57934.0,42.8,7.2,11.2,3.1
46600.0,46600.0,50.0,9.9,13.2,3.4
58307.0,58307.0,33.6,6.9,9.1,2.9
35636.0,35636.0,53.4,10.7,16.4,3.9
38849.0,38849.0,59.9,12.4,17.0,3.9
53387.0,53387.0,43.5,6.5,10.6,3.2
42439.0,42439.0,57.4,13.7,16.2,3.8
40468.0,40468.0,44.4,10.6,15.2,4.3
33908.0,33908.0,58.5,14.0,22.2,5.5
55343.0,55343.0,47.6,9.5,13.7,3.6
81315.0,81315.0,44.8,6.5,10.1,2.7
38418.0,38418.0,53.8,11.5,17.3,4.0
51255.0,51255.0,49.4,11.1,13.1,3.5
46141.0,46141.0,46.5,10.6,14.3,4.1
38409.0,38409.0,41.4,6.4,12.8,3.6
42785.0,42785.0,52.3,10.7,17.5,4.1
47869.0,47869.0,36.8,7.6,10.0,3.3
49716.0,49716.0,49.8,10.2,12.6,3.6
37901.0,37901.0,52.3,11.3,15.3,3.9
58380.0,58380.0,48.8,10.3,13.7,3.2
38097.0,38097.0,54.3,9.5,16.9,4.4
57705.0,57705.0,44.9,9.1,12.1,3.0
48689.0,48689.0,47.9,10.9,13.1,3.3
61219.0,61219.0,40.6,7.0,10.8,3.0
54149.0,54149.0,48.2,9.4,11.0,3.1
41541.0,41541.0,52.4,13.5,16.1,3.8
56557.0,56557.0,49.0,9.9,11.7,3.3
55874.0,55874.0,40.8,8.3,11.5,2.9
55378.0,55378.0,42.2,6.9,11.1,3.4
68835.0,68835.0,38.0,8.0,11.0,2.9
52151.0,52151.0,40.0,7.0,8.8,2.4
62835.0,62835.0,43.1,8.5,11.9,3.0
55190.0,55190.0,37.5,8.3,11.3,3.4
47302.0,47302.0,40.2,7.6,11.2,3.2
57210.0,57210.0,45.3,8.1,12.4,3.3
53034.0,53034.0,49.4,6.3,14.0,3.3
57208.0,57208.0,44.0,7.3,11.0,3.1
53134.0,53134.0,49.0,9.6,12.8,3.0
39201.0,39201.0,52.7,12.2,16.4,4.0
60767.0,60767.0,41.1,6.5,9.9,2.8
50553.0,50553.0,48.3,8.5,13.0,3.5
48315.0,48315.0,44.6,9.7,12.6,3.5
50162.0,50162.0,53.3,11.4,14.0,3.3
51441.0,51441.0,48.4,10.8,13.8,3.3
67161.0,67161.0,43.5,6.9,10.0,2.8
43031.0,43031.0,54.9,11.7,14.4,3.5
50594.0,50594.0,48.9,7.0,14.5,3.4
50006.0,50006.0,45.2,8.7,13.3,3.5
56343.0,56343.0,37.6,10.0,13.0,3.9
48020.0,48020.0,54.4,12.1,15.3,3.6
59020.0,59020.0,45.9,11.8,14.4,4.0
36384.0,36384.0,58.6,16.3,18.1,4.2
45607.0,45607.0,49.2,12.0,13.8,3.8
54376.0,54376.0,43.8,8.9,11.3,3.2
55687.0,55687.0,41.6,6.8,11.7,3.4
58693.0,58693.0,49.8,10.1,12.3,3.2
68243.0,68243.0,48.6,7.6,12.2,3.3
55371.0,55371.0,46.6,8.3,12.1,3.5
49210.0,49210.0,51.8,10.5,15.0,4.0
38479.0,38479.0,55.7,10.8,16.5,4.0
32321.0,32321.0,64.2,16.8,18.7,4.3
44298.0,44298.0,52.7,8.8,12.8,3.6
93645.0,93645.0,39.2,7.0,9.4,2.6
38187.0,38187.0,54.8,12.0,19.9,4.8
78112.0,78112.0,37.3,6.8,8.4,2.5
86268.0,86268.0,40.4,6.8,9.3,2.6
48858.0,48858.0,44.1,7.5,12.5,3.2
40425.0,40425.0,49.9,9.8,16.2,4.1
52567.0,52567.0,43.5,7.6,11.5,3.1
42099.0,42099.0,52.7,9.9,16.5,3.8
49482.0,49482.0,42.0,8.6,11.4,3.3
77684.0,77684.0,44.2,7.3,10.4,2.8
35433.0,35433.0,55.6,11.0,19.4,4.8
53833.0,53833.0,38.4,5.9,9.5,3.0
47864.0,47864.0,49.6,8.3,12.4,3.3
40972.0,40972.0,48.6,10.9,13.7,3.7
69600.0,69600.0,40.0,6.1,10.0,2.7
48182.0,48182.0,52.6,13.4,16.0,3.7
52872.0,52872.0,42.8,8.4,11.5,3.2
69753.0,69753.0,49.1,7.0,12.7,3.1
52355.0,52355.0,40.6,6.7,11.8,3.3
57002.0,57002.0,43.3,6.9,10.2,3.0
43767.0,43767.0,50.0,9.5,11.5,3.2
40965.0,40965.0,46.9,10.8,15.6,3.9
47976.0,47976.0,49.0,8.6,13.6,3.8
44261.0,44261.0,52.0,10.8,13.1,3.5
41298.0,41298.0,56.6,12.9,16.0,3.6
53147.0,53147.0,42.4,7.4,10.8,3.2
53961.0,53961.0,46.4,7.4,11.7,3.0
39309.0,39309.0,47.7,11.2,13.5,3.6
48489.0,48489.0,38.3,7.6,9.6,2.8
44902.0,44902.0,49.7,11.4,14.6,3.9
49060.0,49060.0,52.1,12.3,14.3,3.2
37823.0,37823.0,56.1,12.4,16.7,4.0
42455.0,42455.0,39.4,7.7,11.2,3.6
42640.0,42640.0,40.0,6.2,8.5,2.4
54917.0,54917.0,43.9,6.7,11.0,3.3
50529.0,50529.0,49.6,9.8,13.8,3.7
47999.0,47999.0,41.9,8.7,11.6,3.2
49498.0,49498.0,53.3,9.6,15.5,3.8
46835.0,46835.0,51.5,11.2,14.4,3.4
47561.0,47561.0,30.8,5.4,7.4,2.3
59142.0,59142.0,47.5,9.7,11.7,3.1
34894.0,34894.0,64.6,15.8,17.6,3.9
54569.0,54569.0,41.6,7.3,11.1,3.1
37550.0,37550.0,53.5,11.7,14.6,4.0
57832.0,57832.0,44.6,9.2,13.1,3.6
49151.0,49151.0,45.9,7.9,12.2,3.4
57549.0,57549.0,47.9,10.4,12.5,3.3
70955.0,70955.0,37.2,6.9,10.6,3.2
51985.0,51985.0,49.5,9.5,12.6,3.4
55512.0,55512.0,43.8,8.1,11.2,3.4
47591.0,47591.0,49.4,10.9,13.1,3.5
60874.0,60874.0,50.3,9.7,12.9,3.1
67498.0,67498.0,43.8,11.4,12.5,3.1
58239.0,58239.0,46.3,8.5,12.8,3.6
63347.0,63347.0,39.2,6.3,10.8,3.0
46862.0,46862.0,44.3,7.0,10.7,3.2
39934.0,39934.0,51.6,11.3,13.9,3.9
51829.0,51829.0,45.0,9.5,12.4,3.3
48192.0,48192.0,49.1,9.4,14.8,3.8
55052.0,55052.0,49.3,9.1,13.4,3.5
50482.0,50482.0,48.5,8.5,12.1,3.7
34796.0,34796.0,51.2,12.5,14.9,4.0
60627.0,60627.0,47.9,7.9,11.9,3.4
60808.0,60808.0,46.9,8.8,13.6,3.4
62270.0,62270.0,41.5,6.9,10.9,3.1
37350.0,37350.0,54.5,12.6,17.7,5.5
70808.0,70808.0,33.1,5.3,10.1,2.7
62519.0,62519.0,41.8,7.8,11.2,3.1
57879.0,57879.0,40.9,7.2,12.1,3.3
38886.0,38886.0,53.0,11.2,17.5,4.2
44837.0,44837.0,59.3,15.5,17.2,4.0
84889.0,84889.0,38.7,4.2,7.9,2.2
49393.0,49393.0,44.3,9.9,12.1,3.3
57183.0,57183.0,42.6,8.4,13.4,3.8
51715.0,51715.0,43.7,7.4,9.9,2.8
57126.0,57126.0,48.8,9.4,13.5,3.6
43879.0,43879.0,48.9,9.1,14.3,3.7
35848.0,35848.0,54.4,14.8,16.3,3.9
49609.0,49609.0,42.2,6.6,11.3,3.3
59003.0,59003.0,43.2,6.8,10.3,3.0
42116.0,42116.0,50.5,10.0,16.2,3.9
34090.0,34090.0,56.2,12.7,22.1,5.2
52278.0,52278.0,52.2,9.5,13.4,3.0
46191.0,46191.0,48.0,9.4,13.3,3.9
53806.0,53806.0,41.8,8.5,11.9,3.3
39450.0,39450.0,52.1,10.7,14.9,3.8
79658.0,79658.0,41.0,6.5,10.1,2.6
47835.0,47835.0,48.8,9.0,13.7,3.6
90155.0,90155.0,37.3,5.7,9.4,2.7
66296.0,66296.0,47.0,7.2,11.0,2.8
34984.0,34984.0,54.0,11.6,18.9,4.7
46869.0,46869.0,35.6,4.5,6.7,1.8
76304.0,76304.0,33.2,6.6,9.2,2.9
38827.0,38827.0,48.4,10.4,15.5,3.8
50050.0,50050.0,38.4,8.3,12.9,3.6
50672.0,50672.0,46.2,10.7,13.7,3.4
38288.0,38288.0,50.7,10.4,18.2,4.3
82284.0,82284.0,40.1,5.0,8.6,2.5
45278.0,45278.0,55.9,12.7,15.4,3.6
51804.0,51804.0,41.9,7.3,11.7,3.2
75022.0,75022.0,39.6,5.9,10.8,2.7
39533.0,39533.0,53.8,11.1,18.0,4.4
39176.0,39176.0,57.5,11.7,16.7,4.1
45419.0,45419.0,55.1,10.8,13.4,3.3
55522.0,55522.0,47.3,7.2,12.4,3.1
40486.0,40486.0,54.0,11.5,17.0,4.4
41729.0,41729.0,49.3,10.6,14.4,3.7
36718.0,36718.0,58.4,11.0,16.4,3.9
33085.0,33085.0,48.1,9.7,16.5,4.6
65912.0,65912.0,38.3,7.5,11.4,3.3
64304.0,64304.0,42.0,8.5,10.9,2.9
116719.0,116719.0,32.8,4.6,9.2,2.4
40582.0,40582.0,52.6,11.5,17.2,4.3
39443.0,39443.0,54.2,14.0,15.8,3.9
47924.0,47924.0,44.5,8.5,14.6,3.4
54165.0,54165.0,39.1,7.0,12.6,3.1
29900.0,29900.0,61.2,12.5,20.8,5.0
41807.0,41807.0,51.0,9.5,14.0,3.6
60944.0,60944.0,45.6,10.3,13.6,3.4
57240.0,57240.0,50.9,9.1,14.8,3.7
52502.0,52502.0,44.1,8.6,12.7,3.1
53704.0,53704.0,48.2,8.9,14.6,3.9
63633.0,63633.0,48.0,6.1,10.4,3.0
45734.0,45734.0,53.7,10.9,14.9,3.8
53865.0,53865.0,47.9,7.7,11.9,3.3
34009.0,34009.0,57.1,13.5,16.5,4.5
69919.0,69919.0,39.0,7.0,9.7,2.5
64234.0,64234.0,37.8,6.4,9.3,2.9
64832.0,64832.0,47.8,8.4,14.0,3.5
62782.0,62782.0,45.1,9.2,12.0,3.0
44457.0,44457.0,51.8,11.1,16.4,4.0
55247.0,55247.0,50.8,10.0,12.3,3.5
53161.0,53161.0,42.5,8.0,11.0,3.2
52747.0,52747.0,38.8,7.3,11.3,3.4
45400.0,45400.0,53.6,10.2,14.7,3.6
60111.0,60111.0,34.8,5.8,8.3,2.6
55198.0,55198.0,46.8,9.6,11.7,3.3
42205.0,42205.0,49.4,9.1,15.1,3.8
63411.0,63411.0,33.4,6.8,8.9,2.9
66219.0,66219.0,32.5,5.6,7.8,2.7
45405.0,45405.0,55.8,9.7,14.7,3.8
47401.0,47401.0,48.4,10.7,13.3,3.7
51724.0,51724.0,40.3,6.0,10.0,3.0
58057.0,58057.0,40.6,8.1,9.9,3.0
57005.0,57005.0,49.3,9.9,12.8,3.3
85899.0,85899.0,46.7,9.6,12.1,2.8
48574.0,48574.0,49.2,9.4,13.1,3.9
50945.0,50945.0,40.7,7.4,10.7,3.2
49385.0,49385.0,52.8,10.8,13.9,3.4
35446.0,35446.0,56.0,15.5,16.9,4.1
49341.0,49341.0,46.2,8.7,13.1,3.3
52401.0,52401.0,42.8,7.3,11.0,3.1
46332.0,46332.0,49.1,10.9,15.9,4.0
88384.0,88384.0,42.7,5.1,9.0,2.3
49073.0,49073.0,49.4,8.9,12.3,3.3
33701.0,33701.0,60.0,15.5,18.1,4.2
38998.0,38998.0,57.7,12.7,16.4,4.2
45385.0,45385.0,50.5,9.2,16.4,4.0
66597.0,66597.0,43.5,8.0,9.9,2.9
44366.0,44366.0,56.3,12.6,15.4,3.7
47737.0,47737.0,55.4,12.3,15.2,3.6
47314.0,47314.0,48.3,10.0,11.9,3.3
52079.0,52079.0,50.1,9.2,13.9,3.5
58738.0,58738.0,48.3,9.1,11.0,3.0
48413.0,48413.0,48.9,11.4,13.4,3.6
44821.0,44821.0,51.2,8.8,17.1,4.2
56535.0,56535.0,42.9,6.2,10.4,3.1
49732.0,49732.0,45.8,7.2,11.6,3.5
64633.0,64633.0,47.2,7.2,14.4,3.6
52332.0,52332.0,46.3,10.4,13.0,3.2
44756.0,44756.0,46.7,11.2,14.2,3.9
38318.0,38318.0,50.5,12.7,15.9,4.2
44230.0,44230.0,48.4,7.0,14.5,3.4
44121.0,44121.0,46.8,9.0,13.5,3.6
51560.0,51560.0,51.2,11.0,13.5,3.2
48040.0,48040.0,42.1,7.0,11.2,2.9
61433.0,61433.0,48.0,8.6,14.0,3.8
43776.0,43776.0,50.2,10.1,12.8,3.4
66270.0,66270.0,41.8,7.7,11.1,3.0
59265.0,59265.0,45.7,9.0,13.7,3.2
48578.0,48578.0,52.4,12.2,14.6,3.4
34446.0,34446.0,55.4,12.5,16.7,4.2
65273.0,65273.0,48.6,6.4,13.8,3.2
52936.0,52936.0,50.4,9.6,11.5,3.3
52308.0,52308.0,41.5,9.2,13.3,4.0
39104.0,39104.0,51.1,9.4,15.6,3.6
100374.0,100374.0,29.2,4.8,7.5,2.4
41929.0,41929.0,52.2,12.2,15.4,3.9
46218.0,46218.0,47.8,10.5,13.8,3.5
52588.0,52588.0,49.8,7.7,14.6,3.4
49208.0,49208.0,50.6,9.0,15.5,3.8
36573.0,36573.0,52.5,11.8,15.4,3.9
51305.0,51305.0,46.1,7.0,11.7,3.5
112335.0,112335.0,34.6,5.8,9.1,2.6
46764.0,46764.0,47.6,7.7,13.5,3.3
59587.0,59587.0,45.4,10.0,13.4,3.8
38966.0,38966.0,51.0,11.7,14.0,3.8
40416.0,40416.0,42.0,8.8,10.3,2.8
56946.0,56946.0,49.5,8.2,12.6,3.2
44132.0,44132.0,54.5,12.6,15.0,3.7
36592.0,36592.0,52.4,12.7,14.6,3.9
42700.0,42700.0,52.9,9.4,17.1,4.2
55856.0,55856.0,43.7,7.0,10.6,3.0
73463.0,73463.0,43.6,6.9,10.7,2.9
38777.0,38777.0,41.1,7.4,14.3,4.2
69214.0,69214.0,29.8,6.4,8.7,2.8
52269.0,52269.0,43.1,8.8,12.2,3.4
57613.0,57613.0,49.6,10.1,12.9,2.9
60904.0,60904.0,45.8,9.3,11.8,2.8
48120.0,48120.0,50.6,11.6,16.0,3.9
36078.0,36078.0,54.2,12.0,15.4,4.0
52047.0,52047.0,45.4,9.5,11.3,3.2
56321.0,56321.0,48.7,7.9,12.7,3.1
50805.0,50805.0,48.1,9.3,12.5,3.3
99224.0,99224.0,33.0,5.6,9.2,2.6
39907.0,39907.0,57.2,11.8,19.2,4.5
56627.0,56627.0,53.4,9.6,14.6,3.4
45737.0,45737.0,41.2,6.7,11.4,3.5
70093.0,70093.0,39.1,5.6,9.9,2.9
58838.0,58838.0,45.8,9.4,13.0,3.7
43053.0,43053.0,47.9,10.5,13.0,3.7
38121.0,38121.0,57.4,10.1,17.9,4.2
50377.0,50377.0,40.4,6.3,11.0,2.9
51354.0,51354.0,47.0,10.0,13.7,3.7
72277.0,72277.0,42.4,5.6,8.7,2.6
44302.0,44302.0,51.2,11.4,14.7,3.6
53661.0,53661.0,35.6,7.2,10.9,3.3
54581.0,54581.0,48.7,10.0,13.1,3.2
44704.0,44704.0,37.4,8.3,10.9,3.7
80063.0,80063.0,36.5,5.6,10.6,2.9
37719.0,37719.0,51.3,10.5,16.3,4.2
52510.0,52510.0,39.4,7.8,11.3,3.2
38249.0,38249.0,51.9,12.6,16.7,4.4
47508.0,47508.0,50.2,10.2,12.8,3.2
52565.0,52565.0,46.1,9.5,12.1,3.2
47357.0,47357.0,51.9,9.6,12.7,3.6
58644.0,58644.0,47.7,6.6,11.2,3.2
46059.0,46059.0,48.4,7.3,15.3,3.4
57464.0,57464.0,34.5,4.6,7.3,2.1
41281.0,41281.0,58.0,11.8,15.2,3.8
46440.0,46440.0,47.6,9.8,13.6,3.7
60859.0,60859.0,44.4,7.2,10.6,3.2
64992.0,64992.0,40.3,8.6,11.3,2.8
48024.0,48024.0,50.6,11.5,14.5,3.6
88960.0,88960.0,37.0,7.0,11.2,3.0
47865.0,47865.0,48.0,9.5,12.6,3.3
54774.0,54774.0,46.3,6.5,14.1,3.3
50728.0,50728.0,48.4,9.7,13.5,3.6
42479.0,42479.0,48.3,9.3,14.1,3.6
54213.0,54213.0,45.5,7.0,11.9,3.2
42431.0,42431.0,45.7,8.5,12.7,3.7
60349.0,60349.0,46.6,6.7,10.6,3.0
47068.0,47068.0,50.4,10.7,15.9,4.2
84093.0,84093.0,43.7,8.5,11.7,3.0
33053.0,33053.0,53.5,10.1,17.4,4.2
35156.0,35156.0,53.9,7.6,19.6,4.5
53326.0,53326.0,44.2,8.3,12.1,3.7
38441.0,38441.0,44.7,10.3,16.2,4.0
44911.0,44911.0,49.7,10.0,14.9,4.2
54210.0,54210.0,47.1,5.7,13.4,3.1
54478.0,54478.0,48.7,9.9,13.1,3.4
39776.0,39776.0,57.9,13.6,15.8,3.6
59724.0,59724.0,46.3,6.9,10.3,2.9
32922.0,32922.0,56.6,13.0,19.8,4.8
49403.0,49403.0,46.8,10.1,14.5,3.7
56803.0,56803.0,49.4,7.3,11.1,3.0
37574.0,37574.0,52.8,11.1,16.3,4.0
75836.0,75836.0,42.1,6.8,12.0,2.9
73037.0,73037.0,37.4,5.9,10.3,2.9
86108.0,86108.0,40.7,6.1,9.7,2.6
58205.0,58205.0,47.9,8.5,13.1,3.2
41262.0,41262.0,51.0,11.4,15.0,4.1
63119.0,63119.0,47.7,7.7,11.2,3.0
57939.0,57939.0,48.8,10.1,12.5,3.2
35685.0,35685.0,54.2,13.3,14.9,3.6
47733.0,47733.0,55.6,11.1,13.4,3.3
74240.0,74240.0,29.3,5.4,7.5,2.3
48780.0,48780.0,47.8,9.3,13.0,3.3
44424.0,44424.0,54.3,11.8,17.3,4.1
62389.0,62389.0,40.9,7.5,10.6,3.0
49960.0,49960.0,48.8,9.8,13.4,3.4
34306.0,34306.0,53.5,12.0,17.5,4.4
102136.0,102136.0,47.9,7.4,10.3,2.5
54016.0,54016.0,52.2,11.4,18.0,4.6
99087.0,99087.0,24.3,4.9,7.2,2.4
43755.0,43755.0,46.6,10.8,12.5,3.6
74794.0,74794.0,43.1,6.4,9.3,2.7
58234.0,58234.0,49.3,11.2,13.9,3.5
54165.0,54165.0,40.4,8.5,11.5,3.5
60239.0,60239.0,42.5,6.2,10.3,3.0
47317.0,47317.0,47.8,7.2,14.2,3.4
43819.0,43819.0,46.0,9.1,13.8,3.9
42190.0,42190.0,55.8,14.5,16.5,3.9
60896.0,60896.0,47.3,9.9,12.9,3.2
42781.0,42781.0,50.6,11.8,16.3,4.1
56168.0,56168.0,35.9,7.0,9.7,3.3
31557.0,31557.0,47.3,9.4,18.4,5.3
50180.0,50180.0,37.0,8.2,11.4,3.6
59983.0,59983.0,43.4,7.8,10.7,3.2
60695.0,60695.0,38.3,6.2,10.8,3.1
52292.0,52292.0,46.5,7.3,10.9,3.1
47623.0,47623.0,55.0,13.4,15.4,3.6
42982.0,42982.0,48.4,8.9,15.4,4.0
61764.0,61764.0,42.0,9.1,13.5,3.7
66499.0,66499.0,35.7,6.3,9.6,2.8
40987.0,40987.0,51.0,8.1,15.0,3.5
63398.0,63398.0,48.3,9.4,11.8,3.0
43226.0,43226.0,52.9,10.0,15.7,4.0
52122.0,52122.0,46.8,7.8,11.2,3.3
69598.0,69598.0,37.8,7.5,10.1,3.0
54823.0,54823.0,44.3,8.3,11.5,3.2
48998.0,48998.0,48.3,10.3,13.8,3.7
31118.0,31118.0,57.2,16.4,18.0,4.3
51676.0,51676.0,41.8,7.9,10.7,3.3
47573.0,47573.0,49.1,8.6,12.2,3.6
52910.0,52910.0,39.1,6.2,10.0,2.9
57441.0,57441.0,43.7,9.5,12.2,3.0
53871.0,53871.0,50.3,10.1,13.9,3.7
68743.0,68743.0,29.0,5.0,8.7,2.6
52681.0,52681.0,47.2,7.8,12.3,3.2
47949.0,47949.0,50.4,8.5,14.9,3.6
59567.0,59567.0,43.0,7.7,11.3,3.1
41485.0,41485.0,41.4,7.5,12.9,3.9
28452.0,28452.0,57.7,12.4,18.8,4.6
44681.0,44681.0,54.3,10.2,15.9,3.8
53632.0,53632.0,49.9,9.8,12.2,3.5
50774.0,50774.0,44.1,8.3,11.2,3.1
91183.0,91183.0,31.7,5.5,8.6,2.6
39388.0,39388.0,51.7,11.1,14.8,3.6
63401.0,63401.0,42.2,8.0,10.4,3.0
59338.0,59338.0,47.6,8.6,12.9,3.1
47477.0,47477.0,49.0,7.6,13.2,3.1
48394.0,48394.0,45.2,6.7,11.5,3.4
51867.0,51867.0,49.8,10.5,14.1,3.8
71770.0,71770.0,39.8,6.9,10.2,2.8
53286.0,53286.0,46.1,6.6,10.6,3.0
115301.0,115301.0,34.1,5.7,9.9,2.7
37445.0,37445.0,50.9,10.1,13.9,3.6
55159.0,55159.0,42.4,6.8,11.2,3.4
51161.0,51161.0,54.5,12.0,15.4,3.5
53337.0,53337.0,34.1,6.9,10.3,3.4
62251.0,62251.0,47.2,10.2,12.7,3.1
45221.0,45221.0,44.5,7.8,11.5,3.5
42205.0,42205.0,49.5,11.6,16.7,4.0
42701.0,42701.0,43.4,7.5,11.8,3.5
47713.0,47713.0,52.3,12.2,14.9,3.5
50330.0,50330.0,49.3,9.2,13.6,3.5
55766.0,55766.0,42.3,6.6,12.0,3.3
53413.0,53413.0,46.8,10.1,13.7,3.7
61929.0,61929.0,38.2,5.2,8.7,2.7
46538.0,46538.0,48.0,11.2,14.3,3.9
81033.0,81033.0,26.9,5.1,7.2,2.4
40569.0,40569.0,39.8,9.6,14.2,4.1
44607.0,44607.0,47.8,10.4,14.7,3.6
61794.0,61794.0,44.5,8.7,11.2,3.1
81925.0,81925.0,38.7,7.7,10.3,2.9
53369.0,53369.0,46.6,9.0,13.3,3.9
56330.0,56330.0,46.3,8.0,12.5,3.2
53381.0,53381.0,43.1,7.4,11.8,3.1
59117.0,59117.0,45.3,8.6,10.7,3.0
44978.0,44978.0,52.7,11.5,14.0,3.7
57019.0,57019.0,42.6,8.5,12.5,3.5
43972.0,43972.0,46.6,10.5,13.3,3.6
39725.0,39725.0,52.0,7.6,16.1,3.9
49561.0,49561.0,39.2,8.9,11.2,3.3
40467.0,40467.0,53.2,9.8,15.7,3.9
57785.0,57785.0,42.7,6.2,8.9,2.8
29124.0,29124.0,59.8,17.2,18.5,4.3
53882.0,53882.0,43.2,7.4,10.4,2.6
71959.0,71959.0,44.2,6.6,12.7,3.1
43491.0,43491.0,55.9,12.3,15.1,3.7
41156.0,41156.0,52.3,12.4,15.7,3.9
43074.0,43074.0,52.9,11.5,15.7,4.0
51070.0,51070.0,41.0,8.2,10.0,2.4
44832.0,44832.0,53.2,11.1,17.0,4.4
61022.0,61022.0,56.7,10.4,12.8,2.9
71767.0,71767.0,39.3,6.0,9.4,2.7
60917.0,60917.0,48.5,8.5,13.1,3.5
49995.0,49995.0,49.0,7.8,11.5,3.3
67790.0,67790.0,38.9,6.7,10.2,2.8
56167.0,56167.0,45.4,6.7,9.8,3.0
55834.0,55834.0,49.5,9.0,14.3,3.6
37148.0,37148.0,50.4,14.4,15.6,4.3
42376.0,42376.0,50.6,10.5,14.3,3.7
42149.0,42149.0,51.9,13.0,14.9,3.8
120670.0,120670.0,26.4,3.8,6.1,2.1
41267.0,41267.0,55.2,12.6,14.7,3.6
48337.0,48337.0,49.2,10.8,16.1,4.3
50467.0,50467.0,44.9,9.5,13.6,3.8
40415.0,40415.0,60.1,15.3,18.0,4.2
29244.0,29244.0,54.8,11.0,19.2,4.6
33703.0,33703.0,54.7,14.7,16.6,4.4
46026.0,46026.0,48.3,12.1,15.0,4.1
42768.0,42768.0,52.0,10.9,17.0,4.1
51963.0,51963.0,48.6,9.4,12.1,3.4
48335.0,48335.0,46.2,9.8,12.0,3.1
51606.0,51606.0,46.6,7.9,12.5,3.4
58096.0,58096.0,45.9,7.0,11.4,3.2
37071.0,37071.0,50.7,9.5,15.2,4.2
51769.0,51769.0,51.8,11.1,13.7,3.2
57092.0,57092.0,47.8,10.2,13.0,3.2
37259.0,37259.0,51.0,8.6,13.4,3.3
57821.0,57821.0,41.3,8.0,12.1,3.0
64768.0,64768.0,43.0,8.0,11.2,3.1
46411.0,46411.0,53.6,10.5,15.9,4.1
39057.0,39057.0,52.7,11.1,16.4,3.9
66209.0,66209.0,43.0,6.2,10.3,3.0
54321.0,54321.0,38.7,8.7,10.3,3.1
45512.0,45512.0,44.3,10.1,12.0,3.1
59443.0,59443.0,47.6,10.3,12.7,3.1
51299.0,51299.0,43.7,7.7,11.4,3.4
57300.0,57300.0,44.5,7.8,12.8,3.0
53500.0,53500.0,44.3,7.9,11.3,3.3
89584.0,89584.0,33.5,5.6,7.9,2.3
39237.0,39237.0,45.5,9.5,15.0,4.1
27859.0,27859.0,53.4,9.9,18.9,4.4
56102.0,56102.0,45.3,7.1,10.8,2.5
36722.0,36722.0,52.0,10.6,17.7,4.5
51124.0,51124.0,52.1,9.9,15.6,3.9
38294.0,38294.0,42.4,9.4,12.0,4.1
54795.0,54795.0,51.5,7.2,11.1,3.2
46950.0,46950.0,50.0,11.8,14.5,3.6
64756.0,64756.0,45.7,6.8,11.1,3.0
51646.0,51646.0,48.3,7.3,14.0,3.4
52226.0,52226.0,42.8,9.3,12.5,3.5
38284.0,38284.0,53.7,11.3,15.5,4.1
75534.0,75534.0,42.9,8.2,11.5,2.8
41874.0,41874.0,49.7,12.3,14.7,3.8
38352.0,38352.0,55.0,12.3,20.9,5.0
81869.0,81869.0,37.1,6.6,10.1,3.1
74109.0,74109.0,36.3,5.7,9.5,2.4
93540.0,93540.0,33.2,5.6,8.7,2.5
49750.0,49750.0,45.4,9.2,13.3,3.8
60626.0,60626.0,43.7,6.1,10.4,3.0
45311.0,45311.0,48.1,9.9,15.4,4.1
46259.0,46259.0,53.1,9.2,15.2,3.7
84610.0,84610.0,29.1,5.3,8.7,2.7
43096.0,43096.0,51.1,10.1,16.0,4.2
66929.0,66929.0,45.5,6.4,11.0,3.1
38537.0,38537.0,52.2,9.8,15.2,3.9
60512.0,60512.0,44.5,7.1,13.0,3.0
33973.0,33973.0,61.7,12.1,22.3,5.0
71306.0,71306.0,24.6,4.9,6.8,2.4
56076.0,56076.0,39.8,5.3,8.9,2.6
50871.0,50871.0,48.0,8.6,14.1,3.4
28080.0,28080.0,57.9,11.6,18.8,4.6
48429.0,48429.0,45.1,8.3,12.7,3.8
54663.0,54663.0,50.7,9.7,16.6,4.1
49991.0,49991.0,49.1,8.8,13.6,3.4
49147.0,49147.0,37.6,7.6,11.5,3.4
125933.0,125933.0,28.2,3.8,9.5,2.4
45335.0,45335.0,45.9,9.5,14.8,3.7
49857.0,49857.0,42.0,9.1,13.6,3.7
66226.0,66226.0,43.0,7.0,10.9,3.1
55737.0,55737.0,51.2,9.2,14.4,3.5
47363.0,47363.0,52.1,9.8,12.7,3.3
57471.0,57471.0,41.2,6.8,10.9,3.2
51514.0,51514.0,45.2,8.4,12.9,3.5
43436.0,43436.0,52.2,9.0,16.2,4.0
60240.0,60240.0,41.4,7.4,10.4,3.0
35983.0,35983.0,61.4,16.8,17.8,4.1
46512.0,46512.0,47.7,9.6,11.9,3.1
60312.0,60312.0,44.1,7.5,11.0,3.2
52560.0,52560.0,43.9,6.9,11.3,3.4
80078.0,80078.0,27.2,4.8,6.8,2.3
33218.0,33218.0,58.9,16.1,18.3,4.1
77758.0,77758.0,45.7,7.5,11.2,2.7
86403.0,86403.0,38.0,4.3,8.5,2.4
71920.0,71920.0,31.4,5.6,8.9,2.5
86896.0,86896.0,27.7,4.6,6.9,2.3
52919.0,52919.0,47.7,8.0,11.4,3.3
44492.0,44492.0,49.7,10.9,13.8,3.6
55303.0,55303.0,47.1,7.3,11.1,3.2
38304.0,38304.0,56.9,12.3,19.2,4.9
95196.0,95196.0,40.7,6.2,10.1,2.6
49957.0,49957.0,47.0,7.6,12.8,3.2
51777.0,51777.0,46.4,9.7,12.2,3.2
55434.0,55434.0,45.2,11.5,13.2,3.3
45700.0,45700.0,50.4,10.0,13.5,3.6
52532.0,52532.0,39.6,6.1,7.9,2.1
68017.0,68017.0,43.7,6.7,9.8,2.9
46864.0,46864.0,46.1,9.3,12.9,3.4
65060.0,65060.0,42.6,6.5,9.8,2.9
51071.0,51071.0,50.0,9.3,13.5,3.3
61808.0,61808.0,34.0,6.6,8.8,2.8
43370.0,43370.0,48.4,10.0,13.6,3.8
51686.0,51686.0,48.1,8.0,12.2,3.3
50951.0,50951.0,52.7,10.9,15.0,3.7
44969.0,44969.0,51.4,11.1,15.8,4.0
54210.0,54210.0,48.7,9.2,12.7,3.3
54019.0,54019.0,49.7,10.6,16.0,4.4
49356.0,49356.0,46.5,9.8,14.2,3.7
54058.0,54058.0,46.6,8.0,12.8,3.4
35778.0,35778.0,52.7,13.8,15.8,4.0
58203.0,58203.0,44.4,9.1,11.7,3.0
39833.0,39833.0,54.1,10.8,14.4,3.5
49782.0,49782.0,45.1,8.2,11.6,3.4
41642.0,41642.0,44.0,9.9,15.3,4.0
54763.0,54763.0,46.8,7.0,13.3,3.3
62249.0,62249.0,34.1,6.9,11.5,3.6
46878.0,46878.0,34.7,6.7,9.8,3.2
50261.0,50261.0,49.0,8.2,12.7,3.2
43200.0,43200.0,39.1,6.9,9.9,2.9
36788.0,36788.0,52.6,10.9,17.4,4.1
56645.0,56645.0,48.2,7.5,10.7,3.2
48708.0,48708.0,46.1,10.6,15.5,3.9
88475.0,88475.0,42.9,7.3,10.5,2.8
54282.0,54282.0,43.7,7.8,11.5,3.3
46428.0,46428.0,46.7,8.2,12.7,3.1
43196.0,43196.0,51.0,10.7,13.3,3.6
120950.0,120950.0,25.0,3.5,6.8,1.9
53447.0,53447.0,45.2,8.0,13.2,3.6
80834.0,80834.0,41.2,6.8,10.1,2.5
56509.0,56509.0,47.7,9.8,11.9,3.4
76792.0,76792.0,46.4,6.8,11.8,2.9
41511.0,41511.0,47.0,7.3,17.2,4.4
62689.0,62689.0,41.1,5.7,9.9,2.7
42188.0,42188.0,48.2,12.7,14.9,3.7
33159.0,33159.0,55.5,11.5,18.2,4.5
61186.0,61186.0,42.5,8.2,12.1,3.2
33534.0,33534.0,53.9,11.0,18.7,4.4
49301.0,49301.0,50.7,9.4,13.8,3.6
80737.0,80737.0,36.1,5.9,11.6,3.0
26278.0,26278.0,60.8,16.5,18.0,4.3
65323.0,65323.0,41.1,5.8,9.9,2.9
48082.0,48082.0,51.8,9.5,13.8,3.4
56375.0,56375.0,41.2,7.8,11.4,3.1
37148.0,37148.0,49.4,10.7,16.0,3.9
67654.0,67654.0,48.7,8.3,11.6,2.8
51028.0,51028.0,41.1,7.5,12.6,3.6
53820.0,53820.0,43.2,8.4,11.4,3.2
50768.0,50768.0,53.4,12.6,14.7,3.4
48520.0,48520.0,46.3,8.4,12.8,3.4
54473.0,54473.0,46.6,8.7,12.4,3.0
60711.0,60711.0,41.9,7.6,10.6,3.2
50591.0,50591.0,45.4,9.3,12.0,3.3
100181.0,100181.0,29.7,5.3,9.9,2.7
42162.0,42162.0,46.8,9.9,14.2,3.6
50344.0,50344.0,43.2,8.0,11.3,3.4
58335.0,58335.0,38.0,6.0,9.9,2.9
51774.0,51774.0,38.6,5.8,9.4,3.0
52891.0,52891.0,45.2,8.4,11.6,3.4
42351.0,42351.0,52.9,10.8,13.3,3.4
50504.0,50504.0,52.5,9.7,12.7,3.5
46417.0,46417.0,50.0,9.1,14.0,3.8
112396.0,112396.0,31.0,5.1,8.7,2.5
39412.0,39412.0,50.3,11.9,15.5,3.9
63755.0,63755.0,44.6,7.1,12.2,3.0
78503.0,78503.0,34.2,5.4,10.4,3.0
47343.0,47343.0,53.0,7.8,14.0,3.4
53632.0,53632.0,45.3,7.6,12.7,3.5
58320.0,58320.0,47.2,6.5,12.2,3.1
60121.0,60121.0,46.7,8.3,10.6,3.0
44684.0,44684.0,55.2,11.8,14.0,3.4
61221.0,61221.0,42.1,7.2,11.3,3.4
50616.0,50616.0,47.5,8.8,12.1,3.4
71586.0,71586.0,33.8,6.2,8.7,2.7
57155.0,57155.0,44.0,7.4,11.9,3.1
47429.0,47429.0,50.2,8.2,13.8,3.8
72873.0,72873.0,44.1,8.2,10.9,3.0
37987.0,37987.0,52.2,12.7,15.0,3.7
57367.0,57367.0,43.1,9.4,11.9,3.0
53688.0,53688.0,43.6,7.5,11.2,3.2
103536.0,103536.0,40.1,5.9,9.4,2.3
58515.0,58515.0,44.1,8.2,12.1,3.6
56348.0,56348.0,42.3,8.0,11.1,3.4
56997.0,56997.0,37.1,5.8,9.1,2.5
50580.0,50580.0,47.2,9.4,14.2,3.6
51388.0,51388.0,48.8,10.7,13.1,3.4
47084.0,47084.0,51.0,7.9,15.2,3.4
43688.0,43688.0,52.7,13.0,15.6,3.9
59362.0,59362.0,45.7,8.9,13.6,3.4
35701.0,35701.0,58.3,16.1,17.6,4.1
49767.0,49767.0,54.9,11.8,15.3,3.6
46725.0,46725.0,54.7,9.4,13.4,3.7
54514.0,54514.0,43.2,9.6,12.1,3.3
38067.0,38067.0,51.6,11.9,14.1,3.7
54718.0,54718.0,47.0,9.2,12.2,2.9
47648.0,47648.0,46.8,10.4,13.2,3.6
63442.0,63442.0,39.0,6.6,9.2,2.9
48241.0,48241.0,45.3,8.2,11.9,3.3
51235.0,51235.0,49.2,7.8,12.3,3.4
48275.0,48275.0,46.4,7.8,11.9,3.4
37327.0,37327.0,51.6,9.7,17.0,4.3
58817.0,58817.0,49.6,8.6,14.2,3.5
42905.0,42905.0,53.2,13.4,16.2,4.1
52154.0,52154.0,45.5,8.7,10.8,3.2
55384.0,55384.0,43.7,9.9,14.3,4.1
55511.0,55511.0,43.5,8.8,12.2,3.4
53414.0,53414.0,47.2,9.3,11.4,3.3
50064.0,50064.0,54.6,12.9,15.0,3.5
53738.0,53738.0,43.8,8.8,12.2,3.2
47299.0,47299.0,56.8,13.1,15.3,3.7
42291.0,42291.0,48.6,7.7,12.2,3.1
51751.0,51751.0,40.9,8.2,9.9,2.8
34113.0,34113.0,52.9,12.4,16.0,4.0
69665.0,69665.0,37.0,6.3,11.2,3.2
53271.0,53271.0,47.9,11.4,13.7,3.4
46810.0,46810.0,44.6,10.7,13.7,3.4
36869.0,36869.0,43.8,9.1,14.1,4.2
87267.0,87267.0,34.4,4.3,7.1,2.2
82048.0,82048.0,42.6,6.6,9.4,2.4
57196.0,57196.0,47.2,8.9,12.9,3.2
37690.0,37690.0,53.8,13.2,15.9,4.0
51083.0,51083.0,51.9,10.5,12.8,3.6
58956.0,58956.0,46.2,8.7,14.0,3.5
61849.0,61849.0,46.9,8.1,11.2,3.0
44431.0,44431.0,56.7,12.2,16.1,3.9
69541.0,69541.0,47.7,8.6,11.1,2.9
45095.0,45095.0,41.4,8.3,13.1,4.0
46779.0,46779.0,41.6,7.1,12.0,3.1
36310.0,36310.0,55.5,12.3,19.0,4.6
33111.0,33111.0,56.8,10.1,16.7,4.0
48830.0,48830.0,52.2,8.7,15.9,3.8
105374.0,105374.0,25.4,4.2,7.8,2.3
36571.0,36571.0,52.2,12.5,15.5,4.3
82113.0,82113.0,37.2,5.5,8.9,2.4
39498.0,39498.0,56.7,10.8,18.2,4.3
62139.0,62139.0,41.2,7.1,11.1,3.0
49560.0,49560.0,50.5,9.6,15.7,4.1
64777.0,64777.0,43.7,8.7,11.3,3.0
46355.0,46355.0,48.5,8.6,13.9,3.5
62029.0,62029.0,39.8,6.8,9.9,2.9
50531.0,50531.0,52.3,9.3,12.9,3.2
62191.0,62191.0,44.8,8.3,11.7,3.0
47825.0,47825.0,48.4,8.5,11.9,3.0
63938.0,63938.0,42.9,5.2,8.3,2.4
65182.0,65182.0,42.0,7.6,10.6,2.8
47528.0,47528.0,51.9,11.1,14.3,3.4
48950.0,48950.0,51.6,11.0,15.3,3.5
40541.0,40541.0,54.6,12.9,15.5,3.8
45234.0,45234.0,50.8,9.1,14.2,3.5
37428.0,37428.0,52.4,9.9,16.1,4.0
58361.0,58361.0,42.8,7.5,12.3,3.1
59807.0,59807.0,45.7,6.9,11.9,2.9
79834.0,79834.0,40.6,6.7,10.1,2.8
48707.0,48707.0,46.7,9.4,13.2,3.3
41425.0,41425.0,54.8,13.6,15.7,3.6
57367.0,57367.0,41.9,6.9,10.3,3.0
48099.0,48099.0,43.5,6.6,10.3,2.6
53866.0,53866.0,48.4,9.7,14.8,4.0
46764.0,46764.0,53.6,10.7,15.1,3.7
50830.0,50830.0,53.6,8.6,15.3,3.5
53864.0,53864.0,51.0,8.7,13.3,3.3
76373.0,76373.0,38.5,6.3,9.8,2.8
69975.0,69975.0,44.6,6.6,9.9,2.7
50374.0,50374.0,49.7,11.3,13.7,3.8
49317.0,49317.0,53.5,9.8,15.6,3.9
51152.0,51152.0,50.0,9.6,13.6,3.6
48580.0,48580.0,47.6,11.1,14.5,3.8
51709.0,51709.0,49.8,12.6,14.4,3.5
39681.0,39681.0,50.7,11.2,16.6,4.1
59922.0,59922.0,44.4,9.2,11.7,3.1
61129.0,61129.0,40.1,7.2,9.7,2.7
65883.0,65883.0,45.2,8.5,11.8,3.0
42494.0,42494.0,47.0,9.3,13.9,3.5
63338.0,63338.0,45.9,8.5,11.7,3.2
76530.0,76530.0,39.9,6.0,10.1,2.8
48614.0,48614.0,55.3,12.0,15.2,3.6
79173.0,79173.0,33.2,5.6,8.4,2.5
43050.0,43050.0,53.9,14.2,15.8,3.8
39508.0,39508.0,53.1,10.6,16.2,4.0
49164.0,49164.0,45.2,8.0,11.7,3.8
43624.0,43624.0,58.0,13.7,16.0,3.8
51377.0,51377.0,44.8,7.4,13.0,3.5
67349.0,67349.0,44.0,8.7,11.6,3.4
47056.0,47056.0,41.6,8.2,9.3,2.7
73337.0,73337.0,29.9,4.8,11.1,2.7
58992.0,58992.0,39.0,7.3,10.0,3.1
61959.0,61959.0,40.7,6.0,9.9,3.0
85876.0,85876.0,36.7,6.6,9.5,2.4
41382.0,41382.0,51.9,11.5,17.0,4.3
38093.0,38093.0,55.8,12.9,16.2,4.0
51848.0,51848.0,47.9,8.8,13.8,3.9
51414.0,51414.0,50.3,9.4,14.9,3.9
39114.0,39114.0,48.8,11.3,17.4,4.2
59616.0,59616.0,40.8,6.9,11.2,3.2
87096.0,87096.0,39.6,5.3,9.7,2.5
40133.0,40133.0,52.9,11.4,15.9,4.0
40828.0,40828.0,53.3,12.0,16.4,4.1
45853.0,45853.0,44.2,10.4,14.5,4.0
26936.0,26936.0,62.7,12.9,20.6,4.9
49931.0,49931.0,47.1,7.7,11.3,3.2
61773.0,61773.0,42.6,7.7,10.7,3.0
73831.0,73831.0,44.6,8.0,11.1,2.7
42618.0,42618.0,52.2,10.7,16.8,4.3
50539.0,50539.0,49.7,7.8,15.1,3.6
49034.0,49034.0,45.0,7.5,10.9,3.2
59838.0,59838.0,42.1,6.3,11.6,3.1
66090.0,66090.0,40.5,7.3,11.4,2.8
58228.0,58228.0,41.7,10.7,14.2,4.1
39891.0,39891.0,52.2,8.7,16.5,4.1
39850.0,39850.0,44.8,8.1,13.0,4.0
59821.0,59821.0,45.0,9.6,13.4,3.7
36779.0,36779.0,50.4,11.8,16.8,4.1
66681.0,66681.0,36.4,7.5,10.6,3.5
55013.0,55013.0,45.9,8.1,13.5,3.4
31741.0,31741.0,46.8,11.0,16.5,5.0
57052.0,57052.0,47.4,7.7,13.1,3.3
38596.0,38596.0,52.7,9.6,16.4,3.9
58261.0,58261.0,48.6,8.1,13.0,3.7
45426.0,45426.0,45.6,10.2,13.2,3.5
42513.0,42513.0,52.2,10.7,17.9,4.4
54412.0,54412.0,42.3,6.7,11.3,3.3
65953.0,65953.0,46.8,7.1,11.0,2.8
34768.0,34768.0,60.6,15.3,17.9,4.2
59990.0,59990.0,43.5,7.5,10.7,3.2
63073.0,63073.0,38.5,8.2,11.2,3.1
57952.0,57952.0,44.0,7.3,11.3,3.1
48070.0,48070.0,55.0,13.5,16.0,3.7
48179.0,48179.0,48.9,10.0,12.1,3.2
37566.0,37566.0,55.1,11.4,15.6,3.9
67242.0,67242.0,42.2,6.2,9.4,2.6
60314.0,60314.0,46.1,7.3,11.9,3.4
51757.0,51757.0,52.1,9.5,14.5,3.8
54874.0,54874.0,41.4,6.4,10.8,3.1
40203.0,40203.0,51.7,11.1,15.8,3.8
54504.0,54504.0,36.4,7.5,10.0,3.3
45355.0,45355.0,48.4,8.8,13.1,3.2
38405.0,38405.0,37.0,7.8,15.2,4.3
48754.0,48754.0,47.3,8.2,12.0,3.5
51509.0,51509.0,46.1,9.6,12.3,3.5
63088.0,63088.0,49.7,8.9,10.5,2.8
41009.0,41009.0,39.4,7.1,11.3,3.4
41592.0,41592.0,42.6,8.8,15.8,4.5
71207.0,71207.0,43.6,6.9,12.7,3.1
45174.0,45174.0,50.5,10.6,16.4,3.8
65238.0,65238.0,39.5,7.9,11.2,3.0
54250.0,54250.0,47.2,7.9,12.9,3.7
59813.0,59813.0,38.7,6.3,10.6,3.1
53840.0,53840.0,41.3,6.7,9.9,2.7
40204.0,40204.0,51.1,11.8,14.0,3.6
45342.0,45342.0,49.9,11.4,14.2,3.7
35292.0,35292.0,49.0,7.1,16.7,4.4
55405.0,55405.0,45.1,7.7,11.4,3.2
56170.0,56170.0,43.2,6.8,10.2,3.0
52496.0,52496.0,44.1,6.9,11.8,3.6
28962.0,28962.0,64.8,16.4,25.3,6.2
45502.0,45502.0,53.4,12.0,14.7,4.1
43799.0,43799.0,45.9,10.3,13.4,3.5
51210.0,51210.0,47.9,8.3,11.8,3.5
44968.0,44968.0,52.2,12.3,14.5,3.6
35184.0,35184.0,55.0,11.6,17.0,4.1
62109.0,62109.0,32.7,4.2,6.7,2.2
44304.0,44304.0,47.6,11.8,15.8,4.0
50396.0,50396.0,54.1,10.6,12.2,3.3
77838.0,77838.0,40.4,6.3,9.4,2.7
60367.0,60367.0,41.6,6.4,9.6,2.8
55733.0,55733.0,47.0,8.1,13.4,3.1
46096.0,46096.0,48.4,10.3,12.4,3.6
58643.0,58643.0,45.2,8.9,12.9,3.2
70162.0,70162.0,35.3,5.7,8.7,2.6
47572.0,47572.0,51.0,10.2,14.5,3.7
35527.0,35527.0,54.1,11.7,17.9,4.5
45341.0,45341.0,48.4,5.7,13.7,3.1
41471.0,41471.0,48.2,11.3,14.1,3.7
46281.0,46281.0,43.3,7.6,12.3,3.7
56848.0,56848.0,43.7,7.9,13.2,3.4
40299.0,40299.0,52.3,9.8,13.4,3.1
33983.0,33983.0,55.8,11.2,18.4,4.4
32692.0,32692.0,55.6,10.9,17.6,4.2
47982.0,47982.0,42.8,7.1,11.0,2.9
80392.0,80392.0,35.9,6.2,9.4,2.7
66005.0,66005.0,40.6,7.4,9.7,2.9
48104.0,48104.0,45.3,9.0,13.1,3.6
37799.0,37799.0,51.6,11.6,14.5,3.8
40191.0,40191.0,48.0,10.9,13.0,3.4
46101.0,46101.0,48.5,8.6,13.1,3.5
37134.0,37134.0,53.9,9.3,17.6,4.4
36850.0,36850.0,58.6,12.4,17.4,4.2
42098.0,42098.0,48.5,9.3,14.9,3.5
53409.0,53409.0,45.1,9.4,11.3,3.3
25385.0,25385.0,58.9,12.2,21.8,5.0
37360.0,37360.0,53.2,11.1,16.3,4.2
60059.0,60059.0,42.3,6.9,10.7,3.0
42878.0,42878.0,49.7,11.8,15.1,4.2
69246.0,69246.0,44.6,7.7,11.6,3.0
51962.0,51962.0,42.9,8.3,10.6,2.9
40602.0,40602.0,44.2,9.9,14.3,4.1
30144.0,30144.0,60.9,18.2,19.2,4.6
35103.0,35103.0,55.2,12.1,16.7,4.2
51552.0,51552.0,46.5,7.1,11.5,3.4
50858.0,50858.0,44.3,8.8,11.6,3.2
47685.0,47685.0,46.7,6.6,12.0,2.8
45788.0,45788.0,48.5,9.3,12.5,3.1
74646.0,74646.0,44.5,6.0,9.2,2.7
36869.0,36869.0,53.4,11.2,17.1,4.3
51031.0,51031.0,43.2,10.1,12.7,3.1
43679.0,43679.0,48.8,10.1,13.9,3.5
63677.0,63677.0,48.6,7.9,10.7,2.9
58975.0,58975.0,45.2,10.5,14.8,4.0
43598.0,43598.0,48.9,9.1,14.4,3.5
47560.0,47560.0,40.8,9.3,12.9,4.0
40780.0,40780.0,57.7,14.4,15.8,3.8
43585.0,43585.0,47.1,11.0,14.2,4.6
52387.0,52387.0,50.8,8.5,11.8,3.2
55008.0,55008.0,51.3,8.5,15.4,3.8
48226.0,48226.0,44.3,8.1,11.8,3.3
60180.0,60180.0,43.3,6.1,10.3,3.0
31659.0,31659.0,50.1,12.9,16.0,4.2
65793.0,65793.0,41.7,7.4,10.5,2.7
59500.0,59500.0,35.2,7.2,9.7,3.0
61906.0,61906.0,39.9,6.4,9.4,2.9
80698.0,80698.0,39.6,5.4,9.4,2.8
50387.0,50387.0,47.8,7.4,11.7,3.4
37867.0,37867.0,59.6,14.7,17.1,3.9
51066.0,51066.0,49.6,8.7,13.0,3.4
66557.0,66557.0,43.5,6.2,10.5,3.1
62963.0,62963.0,42.0,9.1,12.0,3.2
44286.0,44286.0,55.3,12.8,15.3,3.8
84946.0,84946.0,46.7,6.4,11.9,2.8
53602.0,53602.0,44.2,9.1,12.7,3.4
57332.0,57332.0,48.3,8.5,13.3,3.4
42715.0,42715.0,48.3,8.8,13.7,3.5
52085.0,52085.0,48.0,7.8,14.8,3.5
53540.0,53540.0,43.5,6.7,11.6,3.3
74872.0,74872.0,44.7,8.3,10.4,3.0
73718.0,73718.0,45.4,7.3,11.0,2.8
43783.0,43783.0,49.5,10.7,13.2,3.7
58022.0,58022.0,45.6,10.1,12.9,3.2
41418.0,41418.0,52.0,9.4,15.4,3.9
35906.0,35906.0,57.1,15.2,16.9,4.1
66145.0,66145.0,42.8,8.7,11.5,2.9
45261.0,45261.0,49.9,8.7,15.0,3.9
47205.0,47205.0,45.4,10.2,13.6,3.5
41912.0,41912.0,48.4,8.2,14.3,3.4
67986.0,67986.0,36.3,5.5,12.0,3.0
52320.0,52320.0,38.9,6.5,9.6,2.8
41445.0,41445.0,43.5,7.8,10.5,3.0
54635.0,54635.0,42.4,7.3,11.1,3.2
42354.0,42354.0,53.5,11.0,15.1,4.0
42071.0,42071.0,52.6,10.8,13.0,3.6
60799.0,60799.0,37.5,7.1,10.6,2.8
41926.0,41926.0,52.2,12.1,14.7,3.6
44938.0,44938.0,50.7,11.1,14.1,3.4
47942.0,47942.0,52.6,11.8,14.0,3.3
42053.0,42053.0,50.4,12.5,13.5,3.7
59931.0,59931.0,45.3,6.2,10.5,2.9
48390.0,48390.0,42.2,7.8,12.3,3.5
47171.0,47171.0,47.9,11.5,16.2,4.1
50136.0,50136.0,48.9,7.8,11.2,3.3
90937.0,90937.0,44.2,6.2,11.2,2.9
50904.0,50904.0,46.9,10.5,13.5,3.4
50684.0,50684.0,47.0,9.0,12.3,3.4
68380.0,68380.0,41.3,7.5,11.0,2.8
50748.0,50748.0,44.8,8.1,12.2,3.3
60379.0,60379.0,48.6,9.9,12.6,3.1
45767.0,45767.0,46.6,9.6,12.1,3.3
62366.0,62366.0,45.0,8.8,11.5,3.0
59193.0,59193.0,41.0,5.8,8.9,2.6
55913.0,55913.0,47.3,10.0,12.1,3.2
47487.0,47487.0,39.2,5.7,8.6,2.6
35826.0,35826.0,50.5,12.9,16.5,4.2
56556.0,56556.0,51.1,8.7,12.7,3.2
50525.0,50525.0,36.7,6.9,10.4,3.1
26814.0,26814.0,61.6,12.9,22.7,5.3
54915.0,54915.0,45.5,8.8,11.2,3.2
102858.0,102858.0,41.2,5.6,9.6,2.5
52602.0,52602.0,45.0,8.3,12.5,3.5
47279.0,47279.0,46.9,7.9,11.5,3.3
34735.0,34735.0,55.1,12.9,16.0,4.1
33116.0,33116.0,53.4,10.5,18.6,4.4
50183.0,50183.0,49.5,10.7,13.3,3.3
58806.0,58806.0,44.6,7.1,12.6,3.7
58295.0,58295.0,51.5,9.9,12.9,3.1
59408.0,59408.0,41.1,6.5,9.8,2.9
29631.0,29631.0,59.9,10.7,20.1,4.8
41834.0,41834.0,45.7,9.5,14.3,3.5
38011.0,38011.0,54.8,11.7,18.2,4.5
46244.0,46244.0,53.3,12.0,14.6,3.4
79348.0,79348.0,41.5,7.1,9.2,2.6
58624.0,58624.0,48.2,8.4,12.3,3.3
36298.0,36298.0,49.5,10.6,15.5,3.9
52633.0,52633.0,48.7,8.4,13.3,3.5
51204.0,51204.0,41.5,8.3,11.9,3.3
42890.0,42890.0,40.1,8.2,12.4,3.6
60431.0,60431.0,48.3,5.9,11.6,2.8
79134.0,79134.0,41.2,7.6,9.7,2.7
36015.0,36015.0,54.3,10.3,17.3,4.3
53903.0,53903.0,52.5,9.5,15.7,3.8
52095.0,52095.0,52.2,10.5,14.7,3.3
55531.0,55531.0,45.3,7.7,11.7,3.3
92616.0,92616.0,48.4,6.2,12.6,2.8
51801.0,51801.0,48.0,8.4,13.1,4.0
39381.0,39381.0,56.3,13.7,15.7,3.7
49344.0,49344.0,38.5,6.9,10.7,3.0
46058.0,46058.0,53.9,9.6,16.6,4.2
56651.0,56651.0,46.6,8.0,10.8,2.8
106270.0,106270.0,42.3,6.8,11.3,2.7
39396.0,39396.0,52.3,11.9,15.7,4.1
80319.0,80319.0,37.2,6.6,10.0,2.7
54313.0,54313.0,46.2,7.8,12.9,3.0
41906.0,41906.0,50.5,9.3,14.2,3.9
60773.0,60773.0,41.5,8.3,10.2,3.0
55602.0,55602.0,52.2,10.4,12.8,3.0
60210.0,60210.0,34.6,6.7,9.9,3.4
33541.0,33541.0,59.6,14.8,17.3,4.1
46967.0,46967.0,49.2,10.9,16.9,4.1
38034.0,38034.0,57.0,11.3,17.8,4.1
43031.0,43031.0,50.6,9.4,15.7,3.9
73500.0,73500.0,49.0,8.7,11.1,2.6
68479.0,68479.0,40.7,5.6,9.1,2.5
75955.0,75955.0,42.7,5.1,8.5,2.6
42820.0,42820.0,49.7,11.8,15.0,3.8
45615.0,45615.0,49.9,8.2,11.5,2.9
43717.0,43717.0,57.7,14.6,16.4,3.8
54465.0,54465.0,43.1,6.2,11.8,3.4
36863.0,36863.0,50.3,13.2,14.9,3.5
60975.0,60975.0,39.0,6.3,10.4,3.2
60579.0,60579.0,38.0,6.3,10.4,3.2
66898.0,66898.0,44.9,9.3,11.6,3.2
38927.0,38927.0,52.6,13.3,15.1,4.2
43903.0,43903.0,50.5,8.3,13.3,3.3
49494.0,49494.0,48.7,10.7,13.3,3.3
59722.0,59722.0,41.0,6.5,10.4,3.0
51665.0,51665.0,52.0,10.5,14.0,3.5
40499.0,40499.0,51.4,10.6,15.1,3.7
45074.0,45074.0,48.4,11.1,13.1,3.5
43390.0,43390.0,46.7,10.8,13.3,3.7
51641.0,51641.0,50.2,10.7,14.2,4.1
57422.0,57422.0,48.7,9.5,11.9,3.4
47600.0,47600.0,53.3,11.1,14.9,3.8
48121.0,48121.0,56.4,7.8,14.3,3.5
38682.0,38682.0,52.9,10.7,16.6,4.1
33392.0,33392.0,56.4,11.4,19.6,4.7
51141.0,51141.0,48.6,10.6,12.4,3.3
41381.0,41381.0,50.0,12.7,15.1,4.0
51497.0,51497.0,46.6,7.7,11.4,3.3
51128.0,51128.0,48.4,9.0,14.0,3.6
34365.0,34365.0,50.6,10.2,18.2,4.4
45943.0,45943.0,44.3,10.7,14.8,4.0
44751.0,44751.0,53.8,12.9,15.1,3.5
52660.0,52660.0,44.4,9.8,12.7,3.3
51835.0,51835.0,47.5,8.1,12.6,3.4
38040.0,38040.0,54.7,13.2,15.2,4.0
43386.0,43386.0,49.7,10.8,14.5,3.7
28146.0,28146.0,61.0,17.0,18.0,4.2
42879.0,42879.0,50.0,10.9,16.9,4.2
52346.0,52346.0,45.2,7.4,12.2,3.1
47378.0,47378.0,37.3,8.1,12.0,3.6
35290.0,35290.0,53.4,11.6,19.6,4.8
64850.0,64850.0,32.5,6.7,9.3,3.1
49513.0,49513.0,48.8,10.6,14.6,3.8
60315.0,60315.0,30.8,4.5,7.1,2.3
40936.0,40936.0,54.4,12.4,16.8,4.1
65831.0,65831.0,41.0,6.5,9.2,2.8
45689.0,45689.0,49.6,7.6,15.2,3.7
50157.0,50157.0,46.5,7.6,11.5,3.3
55134.0,55134.0,46.9,8.1,11.5,2.9
40682.0,40682.0,53.2,10.8,17.5,4.6
43157.0,43157.0,56.5,10.8,17.1,4.5
36903.0,36903.0,49.4,10.6,13.6,3.8
47892.0,47892.0,45.5,7.7,13.0,3.2
56099.0,56099.0,47.4,9.0,11.8,3.3
40641.0,40641.0,54.9,12.4,17.9,4.7
42742.0,42742.0,41.2,9.0,11.8,3.6
56541.0,56541.0,47.0,8.5,12.1,3.4
50257.0,50257.0,47.1,10.0,13.3,3.5
59865.0,59865.0,44.0,6.4,9.9,2.8
67460.0,67460.0,43.4,7.7,9.8,2.9
72970.0,72970.0,43.1,6.6,12.9,2.9
55762.0,55762.0,48.2,9.5,11.6,3.2
45680.0,45680.0,48.8,9.4,14.2,3.6
59558.0,59558.0,47.1,7.9,11.3,3.3
43263.0,43263.0,48.1,8.0,13.4,3.3
41803.0,41803.0,55.4,10.0,16.9,4.2
29945.0,29945.0,56.2,11.7,20.2,4.9
44992.0,44992.0,48.2,10.6,12.7,3.4
76001.0,76001.0,35.1,4.5,8.2,2.5
48989.0,48989.0,50.6,10.1,13.7,3.3
56207.0,56207.0,27.8,5.4,8.2,2.5
55387.0,55387.0,39.3,7.0,9.7,3.2
55195.0,55195.0,43.8,8.5,11.7,3.3
48421.0,48421.0,50.0,10.6,13.4,3.6
53567.0,53567.0,43.3,8.0,12.8,3.2
36987.0,36987.0,57.0,10.7,18.4,4.3
47504.0,47504.0,39.2,7.1,10.9,3.1
44645.0,44645.0,46.9,8.3,12.8,3.6
38341.0,38341.0,42.6,7.8,14.5,4.2
67054.0,67054.0,42.4,7.9,11.7,3.0
61631.0,61631.0,41.7,8.3,12.6,3.1
33989.0,33989.0,48.6,8.6,15.4,4.2
45596.0,45596.0,44.7,10.0,12.3,3.4
43371.0,43371.0,45.9,10.3,14.5,4.1
50646.0,50646.0,49.8,9.2,13.1,3.5
58222.0,58222.0,49.2,8.1,11.9,3.3
52388.0,52388.0,48.2,11.8,14.2,3.5
64121.0,64121.0,41.9,9.1,10.6,3.0
36865.0,36865.0,55.8,12.0,17.5,4.4
41036.0,41036.0,51.6,11.2,17.6,4.3
32814.0,32814.0,58.2,10.0,20.4,4.6
68069.0,68069.0,29.2,4.6,7.0,2.4
48342.0,48342.0,53.4,12.2,15.0,3.5
44340.0,44340.0,47.5,10.3,12.3,3.3
40546.0,40546.0,54.8,11.3,16.1,3.8
70974.0,70974.0,42.3,7.3,11.9,2.8
93462.0,93462.0,38.6,6.5,9.9,2.7
42674.0,42674.0,47.4,11.6,14.6,3.7
51921.0,51921.0,43.4,7.9,12.8,3.5
30239.0,30239.0,59.0,14.5,23.9,5.9
46326.0,46326.0,41.1,8.4,11.6,3.4
47252.0,47252.0,49.0,8.5,12.4,3.2
61645.0,61645.0,46.7,9.0,11.8,2.9
66383.0,66383.0,44.0,6.7,11.1,2.9
49860.0,49860.0,50.1,10.8,13.6,3.3
66716.0,66716.0,43.3,8.1,10.8,3.0
73584.0,73584.0,44.4,4.9,9.3,2.3
60205.0,60205.0,44.1,7.1,11.3,3.2
56678.0,56678.0,41.2,8.0,10.0,3.3
51350.0,51350.0,45.3,7.7,12.5,3.4
56862.0,56862.0,41.0,6.0,10.4,3.1
47032.0,47032.0,46.9,8.5,12.3,3.7
41534.0,41534.0,49.5,11.1,14.4,3.7
36762.0,36762.0,49.7,11.8,14.0,3.7
67597.0,67597.0,47.0,6.6,10.0,2.9
58641.0,58641.0,45.9,9.3,11.6,3.1
66059.0,66059.0,43.0,6.2,12.0,2.8
78846.0,78846.0,42.9,6.3,10.5,2.8
31662.0,31662.0,54.2,11.5,17.9,4.8
72400.0,72400.0,38.8,5.9,9.8,2.8
48368.0,48368.0,39.0,7.9,11.5,3.5
58855.0,58855.0,43.2,8.8,10.8,2.9
53168.0,53168.0,38.4,7.0,9.4,3.1
56099.0,56099.0,47.9,10.1,12.3,3.5
51746.0,51746.0,50.3,9.1,14.7,3.7
52541.0,52541.0,44.5,7.9,11.5,3.3
124947.0,124947.0,32.2,4.1,7.8,2.4
35596.0,35596.0,54.6,14.5,16.3,3.9
52837.0,52837.0,35.5,7.1,9.1,2.7
46370.0,46370.0,55.7,12.9,15.3,3.5
32355.0,32355.0,59.6,15.1,19.2,4.5
44100.0,44100.0,44.7,10.0,14.3,3.6
45058.0,45058.0,46.6,7.9,11.6,3.4
54063.0,54063.0,50.3,9.1,11.5,3.2
70626.0,70626.0,37.6,6.3,9.6,3.0
68309.0,68309.0,45.4,7.2,10.6,2.9
38323.0,38323.0,51.5,11.6,14.3,3.6
45440.0,45440.0,51.4,11.0,13.6,3.6
68984.0,68984.0,39.4,8.1,11.1,2.9
59087.0,59087.0,45.4,7.6,11.0,3.3
50610.0,50610.0,49.1,8.4,13.7,3.5
50477.0,50477.0,51.4,10.6,12.3,3.4
46067.0,46067.0,50.8,9.6,14.4,3.6
47339.0,47339.0,50.3,8.4,13.7,3.4
67187.0,67187.0,38.9,6.9,10.9,2.8
40959.0,40959.0,53.1,12.5,15.1,4.2
56598.0,56598.0,48.3,8.0,14.1,3.3
50376.0,50376.0,44.7,9.6,13.9,3.7
75027.0,75027.0,46.5,9.8,12.6,2.9
34002.0,34002.0,59.5,14.8,16.8,4.0
49101.0,49101.0,49.1,10.3,13.4,3.4
51343.0,51343.0,50.1,8.7,16.4,4.2
49487.0,49487.0,50.6,12.4,14.8,3.5
50564.0,50564.0,49.8,11.9,15.5,4.2
87959.0,87959.0,44.3,6.8,11.6,2.8
55787.0,55787.0,46.4,7.3,11.9,3.2
48743.0,48743.0,49.5,7.1,13.6,3.3
43785.0,43785.0,56.5,12.0,14.5,3.6
55504.0,55504.0,45.7,9.3,11.6,3.3
48722.0,48722.0,50.9,9.5,12.8,3.2
62242.0,62242.0,41.5,8.0,10.5,3.1
43827.0,43827.0,51.7,10.0,15.1,4.0
33261.0,33261.0,53.0,11.1,17.6,4.4
45138.0,45138.0,49.1,10.8,14.5,3.5
33437.0,33437.0,59.1,11.2,19.2,4.6
50283.0,50283.0,45.6,6.8,12.3,3.0
50190.0,50190.0,43.3,9.6,13.1,3.4
41268.0,41268.0,53.5,8.8,16.1,3.9
44213.0,44213.0,48.6,11.4,15.7,4.1
42074.0,42074.0,54.9,10.7,13.5,3.6
61174.0,61174.0,42.7,6.4,10.3,2.9
44154.0,44154.0,52.0,10.3,15.6,4.0
61478.0,61478.0,48.3,6.6,10.2,3.0
41495.0,41495.0,55.4,10.5,16.0,3.9
45146.0,45146.0,52.7,14.5,16.6,4.0
43445.0,43445.0,48.8,9.9,13.2,3.5
55580.0,55580.0,42.7,6.1,10.1,3.0
48450.0,48450.0,43.0,7.5,11.7,3.1
44248.0,44248.0,45.2,9.5,14.8,4.2
77760.0,77760.0,34.9,6.7,9.3,2.8
38785.0,38785.0,54.8,6.8,17.2,4.0
67804.0,67804.0,32.5,5.1,9.0,2.6
68878.0,68878.0,32.4,6.4,8.7,2.7
41038.0,41038.0,49.9,6.3,14.5,3.3
48342.0,48342.0,40.7,7.7,10.2,3.4
53876.0,53876.0,49.4,9.8,12.6,3.1
51402.0,51402.0,38.8,8.7,12.6,3.8
50949.0,50949.0,44.4,8.4,12.1,3.2
39048.0,39048.0,51.1,12.3,15.6,4.1
86317.0,86317.0,38.4,5.8,9.9,2.6
46187.0,46187.0,46.6,8.8,11.3,3.2
82633.0,82633.0,39.3,5.0,11.2,2.3
54382.0,54382.0,36.3,6.9,9.7,3.0
55318.0,55318.0,49.4,10.2,13.8,3.6
57284.0,57284.0,53.1,9.8,13.0,3.2
61015.0,61015.0,42.8,6.2,10.7,3.3
43151.0,43151.0,56.7,14.1,16.0,3.8
79278.0,79278.0,44.5,9.1,11.9,3.2
53901.0,53901.0,41.6,9.1,12.4,3.3
42782.0,42782.0,50.6,7.3,14.2,3.4
55013.0,55013.0,44.1,9.1,12.4,3.2
57599.0,57599.0,48.2,8.7,11.8,3.2
53187.0,53187.0,46.3,10.9,13.5,3.3
50185.0,50185.0,48.0,7.5,11.9,3.5
44804.0,44804.0,49.7,9.8,15.2,4.0
50464.0,50464.0,44.9,8.0,12.7,3.3
55112.0,55112.0,47.0,9.1,12.7,3.4
46638.0,46638.0,45.7,8.6,13.5,3.6
48920.0,48920.0,52.0,9.4,12.0,3.1
48966.0,48966.0,40.5,7.6,11.3,3.2
49356.0,49356.0,48.5,9.5,11.2,3.1
35407.0,35407.0,54.5,12.5,18.0,4.5
46017.0,46017.0,52.6,10.1,15.1,3.7
43880.0,43880.0,49.6,8.7,13.1,3.7
41701.0,41701.0,46.3,10.1,12.8,3.5
48017.0,48017.0,49.1,10.7,13.5,3.5
60619.0,60619.0,36.5,5.7,8.1,2.6
61735.0,61735.0,41.2,8.5,13.6,3.6
39254.0,39254.0,37.2,6.5,7.8,2.3
39702.0,39702.0,54.3,11.4,15.1,3.9
55603.0,55603.0,44.3,7.0,11.3,3.3
34382.0,34382.0,57.5,12.1,19.7,4.5
39502.0,39502.0,51.4,12.0,14.8,4.0
56005.0,56005.0,44.6,7.6,11.9,3.1
44015.0,44015.0,48.3,9.9,15.9,4.0
48883.0,48883.0,33.9,7.1,9.2,2.5
65416.0,65416.0,44.1,8.3,12.4,3.1
44502.0,44502.0,43.7,8.6,11.5,3.2
61413.0,61413.0,43.9,8.1,11.8,2.9
42412.0,42412.0,45.3,10.0,16.0,4.0
60296.0,60296.0,48.1,8.2,12.0,3.0
51302.0,51302.0,41.7,8.0,12.7,3.4
45512.0,45512.0,56.2,12.4,16.4,3.5
50247.0,50247.0,50.0,7.5,12.8,3.3
52689.0,52689.0,45.7,10.4,12.5,3.4
65831.0,65831.0,43.8,7.8,11.0,2.9
41960.0,41960.0,55.3,14.8,17.0,4.3
50542.0,50542.0,49.6,9.7,13.7,3.7
49332.0,49332.0,48.8,8.3,11.8,3.1
58891.0,58891.0,42.8,9.0,10.9,3.2
48937.0,48937.0,42.7,7.2,11.2,2.8
44439.0,44439.0,47.4,8.6,13.0,3.5
56492.0,56492.0,39.5,7.5,10.9,3.1
44730.0,44730.0,43.4,8.9,12.8,3.8
67135.0,67135.0,39.2,6.7,12.0,3.0
47840.0,47840.0,45.2,8.7,10.9,3.1
48519.0,48519.0,43.0,6.4,10.8,2.8
41919.0,41919.0,51.5,7.0,16.9,3.9
32917.0,32917.0,61.0,17.3,18.4,4.1
45163.0,45163.0,45.8,9.1,12.8,3.4
51690.0,51690.0,40.5,7.2,11.0,3.3
37288.0,37288.0,50.3,12.3,14.6,3.9
30076.0,30076.0,56.7,8.1,20.4,4.7
59705.0,59705.0,46.6,7.8,12.6,3.5
55864.0,55864.0,44.0,7.8,11.7,3.0
64053.0,64053.0,40.3,7.8,10.1,3.1
48410.0,48410.0,40.3,8.0,12.3,3.6
46019.0,46019.0,46.4,9.2,13.1,3.5
52797.0,52797.0,49.2,9.7,13.7,3.4
39123.0,39123.0,50.1,8.8,15.1,4.1
72247.0,72247.0,41.5,7.3,9.3,2.8
45254.0,45254.0,47.0,9.9,12.3,3.3
48352.0,48352.0,50.0,10.4,14.8,4.0
57705.0,57705.0,38.9,7.4,10.2,3.0
61087.0,61087.0,42.8,8.3,11.8,3.1
54862.0,54862.0,48.1,9.9,12.8,3.3
79604.0,79604.0,38.3,7.0,10.5,2.8
54900.0,54900.0,42.2,8.6,12.7,3.3
58766.0,58766.0,47.5,7.5,12.2,3.3
78637.0,78637.0,47.4,7.5,11.4,2.7
45487.0,45487.0,50.9,9.5,13.7,4.0
46029.0,46029.0,51.3,11.9,15.1,3.7
53559.0,53559.0,46.6,7.2,14.3,3.4
74686.0,74686.0,40.6,7.3,12.4,3.0
50750.0,50750.0,37.4,6.3,10.7,3.0
59619.0,59619.0,51.0,10.4,12.5,2.9
36765.0,36765.0,53.8,10.9,17.2,4.3
45129.0,45129.0,47.4,11.1,14.2,4.3
36862.0,36862.0,50.8,11.2,16.5,4.2
37624.0,37624.0,54.1,11.1,18.1,4.3
47175.0,47175.0,37.5,6.7,11.3,3.2
56555.0,56555.0,42.1,7.3,11.1,2.8
76475.0,76475.0,39.2,7.7,10.5,2.7
59266.0,59266.0,44.6,8.5,11.8,3.1
37259.0,37259.0,55.1,10.7,17.9,4.3
36354.0,36354.0,50.4,11.4,17.5,4.3
41572.0,41572.0,54.4,9.1,15.0,3.7
65468.0,65468.0,44.0,6.7,12.1,2.9
60412.0,60412.0,43.4,6.1,10.3,3.0
45130.0,45130.0,47.1,10.9,14.0,3.5
47153.0,47153.0,51.6,10.0,14.5,3.7
64536.0,64536.0,36.0,6.7,9.7,2.7
44130.0,44130.0,47.2,9.1,13.3,4.1
50112.0,50112.0,43.2,7.7,12.6,3.2
44627.0,44627.0,45.2,8.1,11.7,3.5
50278.0,50278.0,41.7,6.7,11.0,3.3
40009.0,40009.0,37.8,8.5,11.7,3.9
60383.0,60383.0,39.0,6.9,11.3,2.6
42025.0,42025.0,53.2,12.0,14.8,3.7
46529.0,46529.0,47.9,9.4,12.2,3.3
42483.0,42483.0,48.3,10.9,16.1,4.2
51712.0,51712.0,47.3,8.2,12.5,3.3
44388.0,44388.0,45.7,7.6,12.1,3.5
32780.0,32780.0,60.0,11.9,18.2,5.1
71959.0,71959.0,39.5,6.7,12.3,3.2
43510.0,43510.0,51.5,10.2,15.7,3.8
44847.0,44847.0,51.0,10.9,14.7,4.1
41440.0,41440.0,46.5,10.1,14.8,3.6
39484.0,39484.0,51.7,10.6,16.0,4.1
39861.0,39861.0,42.7,10.8,15.5,4.5
48778.0,48778.0,44.2,8.6,12.8,3.7
49471.0,49471.0,35.7,7.6,10.3,3.2
62817.0,62817.0,43.9,7.7,10.7,2.8
65435.0,65435.0,43.7,6.5,9.5,2.9
54440.0,54440.0,50.2,11.5,14.2,3.6
43887.0,43887.0,52.5,10.8,15.5,3.9
34238.0,34238.0,55.6,15.4,18.1,4.6
50122.0,50122.0,49.7,8.9,15.0,3.7
60306.0,60306.0,44.4,7.7,11.3,3.3
55995.0,55995.0,45.6,10.0,12.8,3.2
45161.0,45161.0,48.4,11.5,14.1,3.5
42132.0,42132.0,55.9,12.1,15.9,3.9
58910.0,58910.0,41.0,6.5,11.7,3.2
59471.0,59471.0,38.9,8.2,12.1,3.5
88481.0,88481.0,42.9,7.0,9.1,2.7
47985.0,47985.0,39.8,8.1,11.9,3.6
50501.0,50501.0,44.4,7.4,14.1,3.6
52658.0,52658.0,49.1,10.3,13.1,3.3
55881.0,55881.0,41.3,7.5,9.7,2.8
39444.0,39444.0,49.3,10.3,17.3,4.2
100184.0,100184.0,32.9,4.9,8.2,2.5
36408.0,36408.0,60.4,12.2,17.0,4.2
46603.0,46603.0,51.9,10.9,16.2,4.0
51348.0,51348.0,47.9,10.2,14.0,3.8
56872.0,56872.0,51.1,10.2,17.7,4.3
45378.0,45378.0,49.0,10.0,15.4,3.7
49731.0,49731.0,50.3,11.9,14.7,3.5
63248.0,63248.0,52.3,8.8,13.8,3.5
57328.0,57328.0,39.8,6.7,9.1,2.9
52166.0,52166.0,44.6,7.3,12.4,3.1
53289.0,53289.0,46.7,7.0,11.4,3.2
53884.0,53884.0,48.0,9.9,12.0,3.4
43402.0,43402.0,50.2,9.9,15.5,4.2
43591.0,43591.0,47.9,10.0,12.2,3.2
59523.0,59523.0,45.0,8.7,14.3,3.7
50471.0,50471.0,47.6,10.1,12.1,3.5
43569.0,43569.0,54.7,10.8,18.2,4.5
42728.0,42728.0,50.0,10.3,14.5,3.7
50704.0,50704.0,51.3,11.5,13.6,3.3
57494.0,57494.0,44.6,6.1,9.7,2.9
63527.0,63527.0,45.4,7.8,10.9,3.0
44467.0,44467.0,47.4,8.8,13.0,3.5
58057.0,58057.0,44.7,8.4,10.4,2.8
52058.0,52058.0,44.0,7.2,12.0,3.5
49668.0,49668.0,47.7,10.3,13.6,3.4
41428.0,41428.0,57.5,14.8,16.6,3.9
66992.0,66992.0,40.7,6.7,10.4,2.9
61341.0,61341.0,44.1,9.7,12.2,3.0
29515.0,29515.0,48.3,5.8,14.3,3.8
36658.0,36658.0,60.3,16.1,17.6,4.1
48779.0,48779.0,46.1,10.1,12.6,3.3
54434.0,54434.0,41.9,6.8,10.9,3.4
60230.0,60230.0,35.4,7.2,9.4,2.8
59329.0,59329.0,36.9,6.0,10.7,2.8
45051.0,45051.0,48.9,7.7,14.7,3.6
52699.0,52699.0,49.4,10.4,13.3,3.2
51113.0,51113.0,49.6,11.0,12.9,3.5
42792.0,42792.0,46.2,10.8,12.6,3.6
44271.0,44271.0,52.3,10.9,16.0,4.3
40161.0,40161.0,48.6,11.5,14.6,3.9
69114.0,69114.0,43.5,8.1,11.4,3.0
39381.0,39381.0,49.7,11.0,14.0,3.6
62958.0,62958.0,38.9,6.4,11.0,2.9
50644.0,50644.0,45.5,8.4,11.8,3.1
49586.0,49586.0,49.9,10.8,12.5,3.3
49935.0,49935.0,45.6,8.5,11.7,3.1
50785.0,50785.0,47.1,9.7,15.6,4.0
64863.0,64863.0,49.1,8.9,13.1,3.1
54830.0,54830.0,44.0,8.2,11.3,3.2
45584.0,45584.0,52.8,10.1,11.9,3.1
71695.0,71695.0,36.7,6.7,10.2,2.7
61162.0,61162.0,42.5,6.8,11.3,3.0
59613.0,59613.0,40.9,6.1,10.1,3.1
53700.0,53700.0,44.5,8.4,13.0,3.8
40504.0,40504.0,48.0,9.9,13.6,3.6
48040.0,48040.0,52.0,8.6,15.6,3.8
41978.0,41978.0,52.0,10.9,14.1,3.6
33659.0,33659.0,58.9,12.0,19.1,4.6
67758.0,67758.0,40.5,9.2,11.9,2.9
50381.0,50381.0,48.1,10.0,13.3,3.6
45389.0,45389.0,30.1,4.8,6.9,2.2
50149.0,50149.0,50.3,9.9,14.9,3.8
60044.0,60044.0,45.8,7.7,11.2,3.1
63608.0,63608.0,43.8,6.9,10.0,3.0
59304.0,59304.0,49.5,6.8,13.8,3.3
55357.0,55357.0,48.3,9.5,11.3,3.3
49829.0,49829.0,51.4,8.7,15.6,3.8
44946.0,44946.0,45.5,10.5,13.3,3.6
94521.0,94521.0,36.5,6.0,10.4,2.9
55324.0,55324.0,49.7,11.8,16.6,4.8
89034.0,89034.0,27.3,4.6,7.2,2.5
51790.0,51790.0,47.4,8.4,13.4,3.5
47065.0,47065.0,48.5,10.7,16.0,4.2
51155.0,51155.0,42.0,7.6,11.5,3.2
54828.0,54828.0,46.8,8.0,11.9,3.3
63160.0,63160.0,42.1,6.7,9.6,2.9
51300.0,51300.0,37.5,6.7,10.5,2.9
67024.0,67024.0,34.9,5.3,8.7,2.6
53059.0,53059.0,49.5,8.1,13.7,3.4
79979.0,79979.0,38.4,5.8,11.3,2.8
54871.0,54871.0,47.8,9.8,14.6,4.0
48517.0,48517.0,43.0,7.2,11.5,3.4
49843.0,49843.0,49.5,9.6,13.2,3.4
58925.0,58925.0,45.4,9.1,11.7,3.1
48651.0,48651.0,44.3,7.7,12.8,3.8
50089.0,50089.0,49.1,10.5,13.9,3.4
34035.0,34035.0,58.8,11.4,21.1,4.8
44683.0,44683.0,54.5,11.0,19.0,4.8
39556.0,39556.0,56.8,12.2,19.6,4.5
51292.0,51292.0,47.6,10.1,11.9,3.4
34849.0,34849.0,54.8,10.8,16.5,4.0
60596.0,60596.0,46.6,9.9,12.9,3.2
61027.0,61027.0,42.5,8.6,10.7,3.0
59413.0,59413.0,42.8,9.5,12.7,3.5
62300.0,62300.0,37.7,7.7,10.4,3.0
44903.0,44903.0,54.2,10.6,15.2,3.6
52445.0,52445.0,44.3,6.9,11.8,3.5
48413.0,48413.0,48.0,9.6,12.5,3.4
50821.0,50821.0,42.6,6.9,11.4,3.4
46396.0,46396.0,50.0,11.0,12.8,3.5
43121.0,43121.0,50.8,11.8,15.1,4.0
45374.0,45374.0,40.2,9.8,13.0,3.7
50826.0,50826.0,47.1,10.4,13.5,3.5
108421.0,108421.0,38.0,5.3,9.0,2.3
47682.0,47682.0,41.8,9.5,14.6,4.1
65984.0,65984.0,40.7,7.4,9.9,3.0
45955.0,45955.0,46.5,10.6,12.7,3.4
41249.0,41249.0,54.2,14.5,16.7,4.1
34491.0,34491.0,50.9,8.0,19.9,5.1
63491.0,63491.0,42.5,6.5,9.6,2.8
42671.0,42671.0,55.5,8.2,17.3,4.1
66006.0,66006.0,49.5,9.5,12.4,3.0
46954.0,46954.0,46.8,8.7,12.5,3.7
52576.0,52576.0,38.7,8.1,10.9,3.6
52845.0,52845.0,35.1,5.7,8.9,2.5
36525.0,36525.0,42.4,7.9,11.9,3.1
72739.0,72739.0,43.9,8.2,11.4,2.9
48725.0,48725.0,49.8,9.9,13.9,3.5
47547.0,47547.0,56.2,10.9,15.2,3.5
41256.0,41256.0,52.0,12.5,14.9,4.2
42022.0,42022.0,53.6,8.8,12.5,3.0
45517.0,45517.0,49.2,10.3,16.1,4.0
60166.0,60166.0,46.1,7.9,11.5,3.3
44534.0,44534.0,46.6,11.1,12.9,3.2
40064.0,40064.0,56.1,14.1,15.7,3.7
50368.0,50368.0,36.9,7.9,10.3,3.1
31329.0,31329.0,60.3,10.2,18.8,4.2
61375.0,61375.0,42.4,8.4,11.2,3.1
47405.0,47405.0,47.7,8.9,13.3,3.5
49577.0,49577.0,50.1,8.2,11.7,3.1
80428.0,80428.0,40.3,6.7,10.4,2.7
82819.0,82819.0,35.6,5.3,9.5,2.4
53612.0,53612.0,47.7,7.6,12.4,3.1
46245.0,46245.0,44.3,7.7,11.9,3.6
64580.0,64580.0,40.1,5.9,10.1,2.6
51905.0,51905.0,41.7,9.6,12.3,3.5
38680.0,38680.0,54.4,12.6,16.9,4.4
95840.0,95840.0,35.4,4.3,8.5,2.4
37026.0,37026.0,52.1,12.2,16.0,4.2
38782.0,38782.0,41.9,7.9,12.3,3.6
55358.0,55358.0,42.5,7.9,11.8,2.8
49730.0,49730.0,48.7,11.2,13.9,3.4
31921.0,31921.0,59.8,16.7,17.8,4.2
42146.0,42146.0,56.8,14.6,17.0,4.0
64282.0,64282.0,41.8,7.6,10.5,2.6
46628.0,46628.0,47.6,7.6,14.3,3.4
33143.0,33143.0,55.9,8.8,16.7,3.8
41942.0,41942.0,54.2,9.3,16.2,4.2
37038.0,37038.0,55.5,14.3,16.3,3.8
39467.0,39467.0,58.0,14.7,17.2,4.0
58356.0,58356.0,48.7,9.2,13.5,3.5
37731.0,37731.0,52.1,11.7,15.7,4.0
33257.0,33257.0,58.9,10.3,17.3,4.1
85550.0,85550.0,29.9,5.1,7.3,2.5
52952.0,52952.0,48.2,8.6,12.5,3.2
46378.0,46378.0,36.5,4.4,7.4,2.3
47128.0,47128.0,52.5,9.6,13.7,3.4
54096.0,54096.0,48.7,9.5,12.9,3.3
47906.0,47906.0,46.0,8.1,12.2,3.6
51534.0,51534.0,52.5,11.4,12.9,3.3
48670.0,48670.0,52.9,9.4,14.5,3.7
43000.0,43000.0,52.2,9.7,14.0,4.0
48758.0,48758.0,44.9,9.6,11.8,4.1
69297.0,69297.0,41.6,6.9,10.7,2.8
48788.0,48788.0,51.5,9.1,12.4,3.4
66228.0,66228.0,39.1,7.1,10.6,3.0
41829.0,41829.0,53.4,13.3,15.2,3.8
51740.0,51740.0,49.9,9.1,13.8,3.4
42186.0,42186.0,51.0,12.0,13.7,3.8
62149.0,62149.0,35.1,7.1,10.4,3.5
38156.0,38156.0,52.2,11.1,16.2,4.0
43457.0,43457.0,57.1,13.0,14.4,3.7
63689.0,63689.0,40.8,8.2,10.4,2.8
99497.0,99497.0,34.4,5.8,9.4,2.5
97051.0,97051.0,40.6,5.9,10.4,2.6
51456.0,51456.0,42.7,7.6,11.1,3.0
31739.0,31739.0,58.5,11.9,20.3,4.8
55280.0,55280.0,50.5,9.4,14.7,3.4
33171.0,33171.0,55.0,7.5,18.3,4.2
53853.0,53853.0,51.1,10.3,13.3,3.3
57036.0,57036.0,44.0,6.5,11.9,3.2
54342.0,54342.0,46.5,9.9,12.8,3.4
39766.0,39766.0,58.7,15.9,16.7,4.0
71888.0,71888.0,43.8,5.8,8.7,2.6
50301.0,50301.0,54.3,12.0,14.7,3.6
63600.0,63600.0,29.0,5.9,8.3,2.6
40650.0,40650.0,54.4,13.4,15.9,4.4
52741.0,52741.0,49.5,9.0,15.2,3.8
47243.0,47243.0,47.3,9.7,12.7,3.5
49771.0,49771.0,42.3,6.6,11.0,3.2
38826.0,38826.0,56.5,11.9,18.6,4.7
42571.0,42571.0,54.4,13.4,15.4,3.7
78192.0,78192.0,40.9,5.7,8.9,2.5
41564.0,41564.0,46.1,9.8,14.1,3.5
75477.0,75477.0,34.8,6.4,9.4,2.6
51249.0,51249.0,48.0,11.7,14.4,3.6
40168.0,40168.0,49.4,8.5,15.9,3.7
85624.0,85624.0,34.7,5.9,10.1,3.0
41213.0,41213.0,51.9,13.7,15.2,3.6
39627.0,39627.0,51.7,9.6,15.3,4.0
37860.0,37860.0,57.4,14.3,16.9,3.8
55517.0,55517.0,44.8,8.8,10.9,3.0
37206.0,37206.0,52.1,9.8,16.2,4.0
43115.0,43115.0,51.8,9.9,14.6,3.8
37562.0,37562.0,53.9,9.7,17.0,4.0
43967.0,43967.0,46.3,10.7,13.7,3.8
59913.0,59913.0,40.9,6.3,10.3,3.1
39332.0,39332.0,52.3,12.4,15.6,4.0
51723.0,51723.0,40.2,7.8,10.2,3.1
62175.0,62175.0,43.5,8.4,12.2,3.4
47101.0,47101.0,53.4,12.6,15.2,3.4
50981.0,50981.0,50.2,8.8,13.4,3.5
50356.0,50356.0,45.7,8.5,12.3,3.5
62779.0,62779.0,40.5,8.0,10.8,2.9
35840.0,35840.0,58.2,12.6,17.8,4.4
40653.0,40653.0,53.7,10.2,15.8,3.9
44725.0,44725.0,52.0,12.7,14.3,3.4
56493.0,56493.0,47.3,7.5,11.6,3.2
56337.0,56337.0,48.4,7.3,10.5,3.0
40387.0,40387.0,44.5,9.1,14.9,4.2
49356.0,49356.0,38.4,8.8,12.2,3.7
57383.0,57383.0,28.6,5.9,7.8,2.3
48818.0,48818.0,52.8,8.9,14.6,3.6
58037.0,58037.0,40.5,6.7,10.9,2.9
64570.0,64570.0,42.3,7.3,10.3,3.2
48749.0,48749.0,45.5,10.0,12.0,3.2
37278.0,37278.0,53.8,10.9,18.6,4.3
64509.0,64509.0,34.9,5.6,9.5,2.6
65062.0,65062.0,45.1,9.3,12.7,3.3
55283.0,55283.0,45.5,9.2,12.3,3.4
58862.0,58862.0,43.8,7.7,11.5,3.4
64344.0,64344.0,43.3,7.8,11.8,3.4
40263.0,40263.0,54.4,10.8,18.0,4.4
47781.0,47781.0,48.7,8.3,12.3,3.5
91028.0,91028.0,38.4,6.5,9.8,2.7
47074.0,47074.0,45.1,9.5,14.0,3.4
57197.0,57197.0,46.2,8.9,11.9,3.3
62097.0,62097.0,38.9,6.0,9.1,2.7
49068.0,49068.0,42.7,6.5,11.1,3.4
96057.0,96057.0,38.7,6.5,9.6,2.7
39192.0,39192.0,44.9,8.0,12.4,3.7
88538.0,88538.0,39.3,6.4,10.7,2.7
64916.0,64916.0,41.3,9.2,11.7,3.4
53359.0,53359.0,46.6,8.2,12.0,3.4
44635.0,44635.0,49.8,12.8,14.7,4.1
47797.0,47797.0,47.5,8.0,12.7,3.5
35087.0,35087.0,49.5,9.9,16.5,4.7
44442.0,44442.0,58.3,14.6,16.0,3.8
81002.0,81002.0,34.4,6.3,10.1,3.0
59901.0,59901.0,46.3,9.2,10.8,3.2
46426.0,46426.0,44.6,10.6,14.3,3.9
39726.0,39726.0,47.1,9.1,15.1,3.9
39169.0,39169.0,51.6,11.8,15.9,4.1
57120.0,57120.0,34.9,5.3,7.9,2.3
53778.0,53778.0,44.4,6.4,10.9,3.2
46014.0,46014.0,48.4,10.3,12.8,3.4
45761.0,45761.0,46.7,9.9,13.1,3.5
28925.0,28925.0,60.3,13.8,16.0,3.6
56696.0,56696.0,46.5,8.4,13.1,3.4
41869.0,41869.0,49.3,10.6,14.9,3.8
53621.0,53621.0,48.7,7.3,14.2,3.4
74649.0,74649.0,40.3,7.0,8.9,2.6
37124.0,37124.0,59.0,15.2,17.2,4.0
52018.0,52018.0,49.3,10.1,12.7,3.6
42021.0,42021.0,59.2,10.6,18.3,4.3
46054.0,46054.0,54.0,13.4,15.6,3.6
78714.0,78714.0,37.7,7.2,9.9,2.6
42873.0,42873.0,55.6,9.8,17.9,4.4
49843.0,49843.0,44.4,7.1,11.4,3.2
59161.0,59161.0,42.2,7.2,11.8,3.3
52651.0,52651.0,51.2,10.3,13.2,3.3
57274.0,57274.0,44.3,7.4,10.4,2.9
32720.0,32720.0,53.1,13.5,16.2,4.2
38525.0,38525.0,53.0,11.7,14.5,3.9
56862.0,56862.0,45.3,10.3,13.0,3.2
56500.0,56500.0,37.5,8.2,11.6,3.6
48039.0,48039.0,50.8,10.1,13.1,3.5
42774.0,42774.0,52.0,12.7,14.3,3.8
48395.0,48395.0,51.0,12.5,15.8,3.7
53970.0,53970.0,44.9,8.6,11.1,2.8
37233.0,37233.0,57.8,11.9,20.5,5.0
48598.0,48598.0,49.6,10.8,14.1,3.4
38265.0,38265.0,55.3,14.8,17.1,4.2
68581.0,68581.0,41.2,6.0,11.1,2.8
46490.0,46490.0,47.0,9.3,13.6,4.1
41421.0,41421.0,56.5,11.0,17.3,4.3
57256.0,57256.0,44.6,6.9,9.9,3.0
56528.0,56528.0,45.4,6.6,11.0,3.3
61614.0,61614.0,48.4,7.3,12.9,3.1
63612.0,63612.0,44.0,7.1,10.1,3.1
49585.0,49585.0,45.4,7.8,12.0,3.2
37401.0,37401.0,57.2,10.1,16.1,3.8
52513.0,52513.0,45.8,9.0,11.3,3.0
57757.0,57757.0,44.5,9.7,11.6,3.2
59673.0,59673.0,50.5,7.5,14.7,3.4
69475.0,69475.0,37.0,6.0,10.5,2.9
42727.0,42727.0,48.9,9.1,14.9,3.6
50861.0,50861.0,44.2,8.0,12.2,3.7
33709.0,33709.0,56.5,12.0,15.5,3.7
46441.0,46441.0,48.1,11.4,13.9,3.5
42588.0,42588.0,49.8,10.5,16.1,4.0
46195.0,46195.0,49.6,11.0,14.3,3.6
54609.0,54609.0,42.7,6.4,11.0,3.2
53111.0,53111.0,49.3,9.0,13.0,3.4
46645.0,46645.0,53.6,11.9,15.1,4.2
45309.0,45309.0,53.7,9.6,14.4,3.4
53805.0,53805.0,40.5,7.4,10.9,3.4
47993.0,47993.0,52.0,9.9,16.1,3.6
59367.0,59367.0,50.7,8.1,12.6,3.5
75048.0,75048.0,36.3,7.1,10.6,2.9
37212.0,37212.0,57.7,11.3,17.4,4.1
47075.0,47075.0,48.7,8.7,12.6,3.6
59457.0,59457.0,42.1,6.1,11.0,3.2
40064.0,40064.0,42.9,8.1,12.9,4.0
70756.0,70756.0,34.1,5.8,9.1,2.6
44709.0,44709.0,46.4,8.4,14.2,4.0
46964.0,46964.0,48.1,8.6,12.2,3.6
38357.0,38357.0,49.3,10.4,15.4,3.8
60483.0,60483.0,39.1,5.9,10.7,2.8
60187.0,60187.0,33.6,6.3,11.5,3.5
39764.0,39764.0,54.1,10.9,16.3,3.9
51036.0,51036.0,41.1,9.8,12.0,3.7
53162.0,53162.0,45.5,7.3,12.2,3.5
79354.0,79354.0,43.1,5.1,8.6,2.2
44467.0,44467.0,43.7,7.4,11.2,3.2
51203.0,51203.0,49.7,12.5,14.5,3.5
37365.0,37365.0,58.1,11.4,18.6,4.3
41827.0,41827.0,33.0,5.2,7.0,2.1
53478.0,53478.0,40.7,9.2,11.0,2.8
43852.0,43852.0,44.9,7.6,10.9,3.0
62556.0,62556.0,48.7,8.7,13.3,3.1
44726.0,44726.0,59.2,11.5,14.7,3.5
55626.0,55626.0,44.2,7.0,11.9,3.6
51088.0,51088.0,49.6,8.5,12.7,3.2
49685.0,49685.0,46.0,8.6,12.4,3.6
39579.0,39579.0,50.4,12.0,16.5,4.7
31831.0,31831.0,57.6,12.9,16.4,4.1
44811.0,44811.0,50.3,9.3,12.3,3.1
89175.0,89175.0,30.1,5.7,9.0,2.8
41806.0,41806.0,50.7,7.2,14.3,3.4
43084.0,43084.0,53.4,9.6,16.2,4.1
38855.0,38855.0,43.6,8.0,14.4,3.7
44517.0,44517.0,51.9,11.4,16.3,4.2
83330.0,83330.0,47.9,7.8,13.0,3.3
37593.0,37593.0,54.2,13.6,18.0,4.6
56954.0,56954.0,48.5,7.8,11.8,3.3
44919.0,44919.0,52.0,6.2,16.6,3.7
50054.0,50054.0,45.3,7.2,10.6,3.0
74507.0,74507.0,42.3,8.0,10.7,3.0
60556.0,60556.0,43.8,8.6,11.9,3.2
43162.0,43162.0,50.8,9.5,15.7,4.3
58186.0,58186.0,48.8,11.0,14.5,3.6
41968.0,41968.0,56.1,13.0,15.1,3.8
40287.0,40287.0,54.0,12.4,17.2,4.4
137551.0,137551.0,30.4,3.7,7.4,2.1
41630.0,41630.0,57.4,11.1,16.6,3.9
58258.0,58258.0,33.5,5.9,8.5,2.4
51577.0,51577.0,48.3,7.8,11.5,3.3
47634.0,47634.0,48.4,9.7,14.0,3.7
56754.0,56754.0,48.2,8.2,11.7,3.0
39687.0,39687.0,56.0,11.5,15.4,3.9
68900.0,68900.0,32.8,6.3,9.6,3.2
38171.0,38171.0,56.6,14.5,16.7,3.9
39917.0,39917.0,55.7,10.8,17.5,4.0
50179.0,50179.0,54.3,13.3,18.1,5.1
46365.0,46365.0,48.3,7.4,14.2,3.8
62126.0,62126.0,41.8,9.1,11.7,3.0
48566.0,48566.0,47.9,8.6,13.1,3.6
52012.0,52012.0,41.5,7.7,12.8,3.6
49845.0,49845.0,47.2,7.5,12.9,3.1
40072.0,40072.0,46.4,5.5,13.6,3.2
55679.0,55679.0,40.4,7.4,10.2,2.9
52538.0,52538.0,35.2,5.9,8.4,2.3
59240.0,59240.0,48.7,8.8,13.6,3.6
47662.0,47662.0,42.2,9.8,12.2,3.3
51579.0,51579.0,44.3,9.8,13.1,3.5
49887.0,49887.0,48.6,8.2,12.1,3.3
61268.0,61268.0,26.8,4.8,6.7,2.3
59440.0,59440.0,41.1,6.7,10.5,3.3
54674.0,54674.0,44.5,9.0,12.5,3.1
83695.0,83695.0,35.3,4.4,12.3,2.9
52340.0,52340.0,45.2,8.6,12.1,3.6
37831.0,37831.0,51.5,11.1,15.4,4.0
45276.0,45276.0,52.0,13.5,15.5,4.2
50388.0,50388.0,46.2,10.8,12.1,3.4
42112.0,42112.0,36.3,6.6,10.3,2.8
43681.0,43681.0,46.1,7.3,12.3,3.0
46578.0,46578.0,47.1,10.6,14.7,4.1
46300.0,46300.0,51.9,10.0,15.5,4.0
43766.0,43766.0,45.9,7.6,11.1,2.9
56991.0,56991.0,46.5,8.8,11.5,3.1
47225.0,47225.0,48.4,10.8,12.7,3.4
38912.0,38912.0,47.4,11.6,17.1,4.4
47191.0,47191.0,49.6,10.8,13.7,3.7
43659.0,43659.0,52.2,12.4,15.7,3.6
64904.0,64904.0,42.2,6.8,10.9,2.8
54814.0,54814.0,49.0,7.0,11.9,3.2
76523.0,76523.0,40.0,6.6,11.4,3.0
42606.0,42606.0,54.2,9.5,15.8,3.7
62889.0,62889.0,52.9,8.5,12.4,3.1
45742.0,45742.0,53.2,11.2,13.7,3.5
65771.0,65771.0,44.4,7.5,11.1,2.9
57329.0,57329.0,39.5,6.5,10.4,3.0
42904.0,42904.0,47.6,11.2,14.6,3.8
66387.0,66387.0,50.9,8.3,12.3,3.1
43726.0,43726.0,53.3,8.8,16.2,3.9
36667.0,36667.0,61.1,15.6,16.4,4.0
75646.0,75646.0,31.5,5.7,9.6,2.9
38449.0,38449.0,41.4,9.8,13.2,3.9
50819.0,50819.0,52.6,12.2,14.6,3.6
54292.0,54292.0,45.2,8.7,11.3,3.3
50774.0,50774.0,42.3,8.7,13.4,4.0
38667.0,38667.0,48.0,10.2,14.1,3.5
39048.0,39048.0,49.9,10.6,17.2,4.1
34724.0,34724.0,57.9,11.4,20.0,4.6
55404.0,55404.0,40.9,6.4,10.6,3.2
61699.0,61699.0,48.2,10.1,12.7,3.2
61579.0,61579.0,46.5,8.5,11.3,2.9
50568.0,50568.0,53.0,10.7,13.5,3.3
58255.0,58255.0,42.5,6.3,11.5,3.1
39862.0,39862.0,50.5,13.2,16.0,4.5
50893.0,50893.0,42.9,7.1,10.1,2.6
45804.0,45804.0,43.3,9.7,11.0,3.2
63754.0,63754.0,43.7,9.0,11.7,3.0
47885.0,47885.0,42.7,8.0,10.7,3.4
37468.0,37468.0,56.6,12.7,17.6,4.4
94822.0,94822.0,30.5,4.1,8.5,2.4
52798.0,52798.0,48.4,10.6,13.5,3.3
44171.0,44171.0,37.2,7.1,11.6,3.6
63099.0,63099.0,43.9,6.8,9.9,2.9
56590.0,56590.0,46.3,8.1,12.0,3.0
65379.0,65379.0,39.9,5.9,9.3,2.6
53138.0,53138.0,50.2,9.9,12.0,3.4
64426.0,64426.0,44.5,8.4,11.2,3.0
45641.0,45641.0,41.8,9.4,13.1,3.8
46525.0,46525.0,48.9,8.8,14.8,3.6
58848.0,58848.0,51.1,8.3,13.5,3.6
49532.0,49532.0,43.0,9.1,13.0,3.8
47689.0,47689.0,43.2,7.0,11.6,3.5
55444.0,55444.0,49.8,11.1,13.7,3.4
43083.0,43083.0,49.9,9.7,14.8,3.8
44688.0,44688.0,49.1,12.8,14.9,3.7
36687.0,36687.0,54.1,14.6,16.5,4.2
40315.0,40315.0,47.4,10.3,12.5,3.5
43483.0,43483.0,52.1,9.5,14.9,3.8
38173.0,38173.0,55.5,11.6,13.9,3.3
51475.0,51475.0,47.3,8.0,12.8,3.7
38400.0,38400.0,55.0,11.6,17.0,4.5
58033.0,58033.0,48.1,7.8,11.6,2.9
28542.0,28542.0,65.0,13.1,22.8,5.4
82808.0,82808.0,36.1,5.6,11.0,2.9
33991.0,33991.0,56.4,10.9,19.6,4.5
52682.0,52682.0,41.3,7.3,10.5,3.2
54984.0,54984.0,43.7,7.0,11.1,3.2
51027.0,51027.0,58.7,12.6,15.2,3.5
55940.0,55940.0,39.3,6.3,10.4,2.9
104248.0,104248.0,32.2,3.9,7.2,2.2
50480.0,50480.0,50.4,8.6,12.9,3.4
47087.0,47087.0,43.9,7.1,10.5,2.8
57710.0,57710.0,48.8,8.9,13.7,3.5
37390.0,37390.0,54.5,12.0,15.9,4.1
66937.0,66937.0,45.7,8.5,10.6,3.1
49776.0,49776.0,43.2,8.4,12.7,3.7
92310.0,92310.0,33.6,4.6,11.2,2.5
47291.0,47291.0,44.4,8.7,10.7,3.1
99223.0,99223.0,36.9,6.0,9.9,2.7
50565.0,50565.0,51.7,12.4,15.0,3.6
53968.0,53968.0,45.2,8.3,12.2,3.5
35961.0,35961.0,51.3,10.0,15.7,3.8
54362.0,54362.0,48.6,9.9,12.3,3.1
48805.0,48805.0,50.7,9.6,13.2,3.5
68180.0,68180.0,39.1,5.4,9.4,2.5
74635.0,74635.0,36.5,5.7,7.9,2.4
47420.0,47420.0,51.7,11.8,14.2,3.5
44482.0,44482.0,48.4,10.6,13.0,3.5
59032.0,59032.0,37.9,5.9,8.6,2.7
43435.0,43435.0,50.7,11.4,13.8,3.7
70942.0,70942.0,40.5,6.9,10.0,2.6
48518.0,48518.0,42.9,9.1,12.7,3.6
61560.0,61560.0,46.4,6.6,13.1,3.1
52270.0,52270.0,47.4,8.7,14.6,3.5
51692.0,51692.0,44.6,8.4,11.3,3.5
34134.0,34134.0,49.5,11.5,13.5,3.6
61995.0,61995.0,51.2,10.0,12.6,3.0
83591.0,83591.0,22.0,4.4,6.6,2.3
67335.0,67335.0,48.3,7.6,12.3,3.1
58942.0,58942.0,51.4,8.8,11.7,3.2
77257.0,77257.0,41.3,7.7,11.7,3.1
76255.0,76255.0,34.5,4.6,8.6,2.4
37626.0,37626.0,57.0,10.9,17.1,4.1
34367.0,34367.0,58.1,14.9,17.9,4.7
37776.0,37776.0,54.4,12.0,15.5,4.1
44438.0,44438.0,55.0,11.9,16.1,4.4
52093.0,52093.0,43.2,7.7,10.9,3.2
83210.0,83210.0,39.5,6.9,9.4,2.7
36044.0,36044.0,57.5,15.1,17.8,4.9
54491.0,54491.0,47.0,9.6,12.0,3.4
48988.0,48988.0,51.4,10.0,11.9,3.3
63636.0,63636.0,37.0,7.7,9.8,3.0
47554.0,47554.0,50.7,10.6,13.4,3.2
44016.0,44016.0,45.9,8.3,13.9,4.0
32341.0,32341.0,54.7,10.5,18.3,4.5
48152.0,48152.0,48.0,9.8,11.9,3.5
50473.0,50473.0,47.3,7.3,13.6,3.3
54313.0,54313.0,50.3,7.6,11.5,3.3
37265.0,37265.0,54.9,11.7,20.9,4.9
48951.0,48951.0,49.0,11.8,13.9,3.7
46930.0,46930.0,51.0,11.6,13.9,3.9
52282.0,52282.0,47.1,10.1,12.5,3.4
67162.0,67162.0,46.9,6.4,10.9,2.7
34777.0,34777.0,46.2,10.8,17.3,5.1
64271.0,64271.0,45.3,6.8,10.1,2.9
54441.0,54441.0,34.4,7.5,9.8,3.1
42503.0,42503.0,52.6,10.5,16.6,4.4
58977.0,58977.0,39.1,6.3,10.4,3.2
57548.0,57548.0,48.4,8.3,11.8,3.6
27714.0,27714.0,64.8,14.7,22.4,5.3
51403.0,51403.0,48.7,8.4,12.7,3.3
48731.0,48731.0,53.9,12.8,15.1,3.5
68217.0,68217.0,43.6,7.2,10.9,2.9
49956.0,49956.0,46.3,8.1,11.9,3.4
54514.0,54514.0,47.2,8.5,12.8,3.8
47681.0,47681.0,44.8,8.6,11.5,3.1
45720.0,45720.0,48.7,10.2,13.3,3.4
52277.0,52277.0,44.9,9.7,12.6,3.4
66827.0,66827.0,33.0,5.5,8.6,2.6
50246.0,50246.0,54.2,11.9,14.9,3.5
67094.0,67094.0,39.2,8.5,12.6,3.4
47529.0,47529.0,50.4,9.0,13.7,3.5
37911.0,37911.0,53.1,9.4,17.4,4.3
47757.0,47757.0,45.8,11.0,14.3,3.8
54583.0,54583.0,53.8,12.4,14.5,3.3
46742.0,46742.0,52.3,12.6,15.2,3.6
54866.0,54866.0,46.9,7.3,10.9,3.2
32868.0,32868.0,54.7,11.1,19.4,4.4
44553.0,44553.0,49.9,9.9,12.4,3.6
53028.0,53028.0,45.3,9.3,11.4,3.3
46495.0,46495.0,51.5,11.5,14.4,3.6
48788.0,48788.0,47.2,10.3,14.5,4.2
52577.0,52577.0,51.5,8.7,13.3,3.2
46371.0,46371.0,48.7,11.0,13.2,3.5
72645.0,72645.0,37.1,5.8,8.5,2.6
57243.0,57243.0,41.1,7.0,11.2,3.2
43458.0,43458.0,44.4,10.0,14.5,4.2
37211.0,37211.0,50.9,11.6,15.6,3.9
45566.0,45566.0,54.9,13.3,15.6,3.9
47664.0,47664.0,44.4,8.1,10.9,2.8
35841.0,35841.0,54.6,12.5,18.1,4.5
47551.0,47551.0,56.0,10.1,15.2,3.8
40510.0,40510.0,54.4,10.3,15.4,3.8
40397.0,40397.0,53.9,13.3,15.2,3.7
86695.0,86695.0,44.1,6.8,10.6,2.7
61190.0,61190.0,45.4,8.3,12.3,3.3
58042.0,58042.0,47.2,8.8,11.0,3.2
52313.0,52313.0,45.7,9.0,10.9,3.2
49580.0,49580.0,49.0,9.8,12.1,3.0
54351.0,54351.0,48.1,8.5,13.1,3.3
57392.0,57392.0,44.5,6.8,11.5,3.3
35630.0,35630.0,53.4,13.4,16.4,4.4
57588.0,57588.0,40.2,8.6,12.0,3.2
48308.0,48308.0,44.7,7.0,11.5,3.4
44423.0,44423.0,50.5,8.9,13.6,3.5
54184.0,54184.0,44.9,9.4,11.9,3.2
60309.0,60309.0,42.3,8.9,11.5,3.3
54476.0,54476.0,44.9,7.6,11.8,3.3
60733.0,60733.0,41.4,6.2,10.7,3.1
54433.0,54433.0,44.9,7.1,10.8,3.2
44409.0,44409.0,52.1,9.8,15.9,4.2
37233.0,37233.0,48.5,13.0,16.8,4.5
45401.0,45401.0,49.0,8.7,13.3,3.8
37586.0,37586.0,56.0,11.1,18.0,4.2
53389.0,53389.0,49.0,9.5,12.2,3.2
80734.0,80734.0,42.9,6.2,11.2,2.7
56206.0,56206.0,50.3,7.2,12.9,3.0
57978.0,57978.0,43.5,8.6,13.5,3.4
57438.0,57438.0,36.5,7.3,10.3,3.0
35293.0,35293.0,52.0,13.8,15.5,4.1
50123.0,50123.0,42.7,6.8,11.3,3.3
57674.0,57674.0,44.7,8.4,12.6,3.5
55136.0,55136.0,35.5,6.2,8.4,2.4
73315.0,73315.0,40.3,6.6,8.9,2.6
39735.0,39735.0,51.7,13.1,16.5,4.5
36311.0,36311.0,55.3,11.1,18.1,4.4
56383.0,56383.0,38.0,6.6,12.2,3.4
43559.0,43559.0,50.3,10.6,15.1,3.8
39536.0,39536.0,49.6,9.4,14.7,3.8
54802.0,54802.0,51.2,8.3,12.5,3.6
55978.0,55978.0,44.1,10.1,12.2,3.4
75296.0,75296.0,33.0,3.7,6.6,2.0
60034.0,60034.0,39.8,9.3,11.5,3.1
73309.0,73309.0,42.5,7.0,10.4,2.6
93345.0,93345.0,42.5,5.5,8.4,2.3
40322.0,40322.0,52.8,13.9,15.5,3.8
48499.0,48499.0,48.7,9.5,13.0,3.3
48116.0,48116.0,50.5,9.9,15.0,3.6
63318.0,63318.0,46.5,7.5,12.5,3.1
85380.0,85380.0,30.8,4.5,8.1,2.4
54088.0,54088.0,48.3,7.9,13.6,3.4
45445.0,45445.0,47.7,7.9,12.5,3.2
45570.0,45570.0,47.5,9.3,13.5,3.6
56690.0,56690.0,47.4,9.5,13.9,3.7
37659.0,37659.0,40.2,7.6,11.9,3.5
34358.0,34358.0,55.8,15.8,17.4,4.2
36976.0,36976.0,56.7,11.6,18.0,4.5
60241.0,60241.0,45.6,6.0,13.4,3.0
43502.0,43502.0,52.1,10.2,13.1,3.3
50427.0,50427.0,50.7,10.3,13.2,3.2
40583.0,40583.0,46.2,7.9,12.8,3.9
65776.0,65776.0,42.1,5.8,9.7,2.8
50093.0,50093.0,49.9,7.9,12.8,3.6
54092.0,54092.0,48.1,9.5,11.6,3.3
46447.0,46447.0,50.6,10.9,16.1,4.3
86619.0,86619.0,40.7,6.3,10.0,2.6
67434.0,67434.0,47.1,7.1,11.8,2.9
55766.0,55766.0,48.2,10.3,13.2,3.3
57979.0,57979.0,41.1,7.2,11.4,3.1
65150.0,65150.0,46.7,8.7,10.6,2.8
59528.0,59528.0,45.8,7.0,9.8,3.0
54325.0,54325.0,45.4,9.9,13.7,3.9
48826.0,48826.0,50.5,10.2,14.8,3.8
49611.0,49611.0,53.9,11.4,14.1,3.5
41750.0,41750.0,49.3,9.6,13.3,3.4
49292.0,49292.0,48.8,10.8,13.2,3.7
38023.0,38023.0,52.2,10.0,16.3,4.0
31716.0,31716.0,57.0,12.4,22.3,5.2
52251.0,52251.0,49.1,9.6,15.0,3.9
59975.0,59975.0,38.0,6.3,9.2,2.8
40814.0,40814.0,51.6,10.9,13.1,3.3
44887.0,44887.0,52.9,12.9,15.2,4.2
44624.0,44624.0,52.9,13.2,15.0,3.6
54265.0,54265.0,48.1,10.9,13.7,3.3
46229.0,46229.0,52.6,10.2,13.9,3.5
65914.0,65914.0,33.7,4.6,7.9,2.4
47365.0,47365.0,40.6,7.9,12.1,3.5
64245.0,64245.0,41.6,8.5,12.1,3.7
59529.0,59529.0,54.2,10.3,15.7,3.6
49965.0,49965.0,50.6,9.7,11.7,3.3
100075.0,100075.0,38.2,6.6,10.7,2.7
44685.0,44685.0,57.4,14.8,17.0,4.0
52367.0,52367.0,35.7,7.2,9.9,3.4
57251.0,57251.0,38.1,6.8,10.0,3.1
66720.0,66720.0,45.1,9.6,12.2,3.0
84021.0,84021.0,41.6,8.3,11.8,3.2
42831.0,42831.0,49.0,10.8,14.6,3.8
43527.0,43527.0,47.6,7.7,13.3,3.7
60251.0,60251.0,40.7,8.1,10.5,2.8
57612.0,57612.0,45.4,9.4,13.1,3.6
45336.0,45336.0,47.2,9.9,11.8,3.2
62247.0,62247.0,41.5,9.0,10.6,3.0
35881.0,35881.0,50.4,9.2,16.7,4.3
41196.0,41196.0,47.6,11.1,12.0,3.1
49788.0,49788.0,50.4,8.7,13.8,3.4
29362.0,29362.0,59.4,18.1,18.8,4.6
70224.0,70224.0,34.1,6.6,10.1,3.0
42522.0,42522.0,49.5,8.7,14.8,3.7
60909.0,60909.0,45.8,8.5,11.9,3.1
53107.0,53107.0,40.4,6.1,10.3,3.1
52724.0,52724.0,46.8,11.9,15.0,4.4
55300.0,55300.0,46.6,9.0,11.1,3.1
49966.0,49966.0,47.0,8.8,12.5,3.6
67039.0,67039.0,43.4,5.9,9.8,3.0
39859.0,39859.0,56.5,13.5,16.1,4.0
48799.0,48799.0,44.7,6.7,11.1,3.3
87817.0,87817.0,38.0,5.0,9.6,2.4
42754.0,42754.0,39.3,8.4,12.8,3.8
47482.0,47482.0,39.8,8.4,11.5,3.7
43330.0,43330.0,51.7,11.6,13.7,3.9
44906.0,44906.0,48.2,9.6,13.6,3.5
35047.0,35047.0,52.2,13.1,15.3,4.2
51132.0,51132.0,35.0,7.0,9.1,3.1
55807.0,55807.0,43.1,8.4,11.6,3.0
105921.0,105921.0,32.5,5.2,8.9,2.3
35594.0,35594.0,52.6,6.7,17.7,4.1
46490.0,46490.0,47.7,7.2,12.5,3.0
76520.0,76520.0,40.0,5.9,10.1,2.5
46024.0,46024.0,48.3,11.5,13.9,3.6
35308.0,35308.0,55.7,13.1,18.4,4.6
49381.0,49381.0,38.4,6.5,9.8,2.6
56818.0,56818.0,47.4,7.3,12.5,3.2
71024.0,71024.0,39.0,6.0,8.6,2.7
50131.0,50131.0,50.9,8.7,14.2,3.5
63839.0,63839.0,40.8,6.9,10.1,2.8
38106.0,38106.0,50.5,7.3,18.0,4.2
53532.0,53532.0,47.9,8.8,11.5,3.2
46653.0,46653.0,53.3,9.1,14.5,3.6
46698.0,46698.0,38.6,7.9,9.3,2.7
87087.0,87087.0,34.4,4.7,8.2,2.4
51373.0,51373.0,38.7,8.5,12.8,3.6
47382.0,47382.0,47.6,10.1,12.7,3.5
47008.0,47008.0,49.6,6.7,14.7,3.3
43983.0,43983.0,48.2,9.5,12.9,3.2
49121.0,49121.0,52.1,9.1,14.4,3.5
42605.0,42605.0,46.0,5.6,13.2,3.2
53793.0,53793.0,40.8,7.7,11.7,3.5
53060.0,53060.0,50.8,11.5,14.6,3.5
44395.0,44395.0,47.6,10.3,13.6,3.4
32613.0,32613.0,59.3,12.7,20.5,4.8
71789.0,71789.0,29.4,4.5,6.9,2.3
51338.0,51338.0,44.8,9.9,13.6,3.4
54020.0,54020.0,42.6,7.8,12.2,3.3
115930.0,115930.0,35.9,5.9,9.0,2.3
47441.0,47441.0,48.8,11.0,13.4,3.7
87666.0,87666.0,36.3,5.1,11.2,2.6
57436.0,57436.0,45.9,10.0,12.5,3.1
39198.0,39198.0,59.3,10.3,16.6,3.9
71874.0,71874.0,43.1,8.1,11.0,3.1
52050.0,52050.0,44.9,9.0,11.8,3.1
40639.0,40639.0,54.3,11.9,15.0,3.9
56832.0,56832.0,45.3,9.4,12.3,3.5
36762.0,36762.0,54.4,14.2,16.3,4.3
60728.0,60728.0,47.0,7.4,12.9,3.0
63261.0,63261.0,45.9,7.2,11.5,3.2
53780.0,53780.0,41.5,7.9,12.1,3.4
34054.0,34054.0,59.8,16.8,18.3,4.3
53637.0,53637.0,42.8,8.0,12.3,3.7
51334.0,51334.0,42.4,8.7,12.0,3.6
46420.0,46420.0,47.9,12.0,13.8,3.6
65439.0,65439.0,39.8,7.8,10.7,3.1
45163.0,45163.0,55.9,12.1,14.7,3.6
67746.0,67746.0,40.8,6.7,9.9,2.8
79141.0,79141.0,39.7,5.9,10.7,2.6
36096.0,36096.0,52.7,12.1,18.8,4.6
38092.0,38092.0,57.1,12.0,19.1,4.5
59942.0,59942.0,44.3,8.0,13.2,3.4
30116.0,30116.0,56.2,8.1,21.2,5.0
36299.0,36299.0,48.2,11.9,15.5,4.1
57786.0,57786.0,45.2,6.3,10.9,3.2
58113.0,58113.0,44.9,7.4,11.5,3.4
82733.0,82733.0,37.4,6.4,10.0,2.6
42407.0,42407.0,54.1,11.0,16.4,4.3
71825.0,71825.0,32.7,6.4,9.7,2.8
77696.0,77696.0,48.0,8.2,11.3,2.6
50893.0,50893.0,45.6,7.8,11.6,3.3
57200.0,57200.0,40.9,7.4,13.1,3.3
63885.0,63885.0,38.7,4.7,7.8,2.3
44913.0,44913.0,52.7,11.7,13.5,3.3
45075.0,45075.0,53.7,11.4,13.9,3.7
53904.0,53904.0,50.4,10.0,12.4,3.2
38765.0,38765.0,50.7,12.0,13.8,3.7
48345.0,48345.0,44.0,9.6,14.3,4.0
60378.0,60378.0,45.2,7.2,10.9,3.0
60136.0,60136.0,48.3,7.5,12.9,3.3
75740.0,75740.0,41.3,6.0,10.8,2.7
77571.0,77571.0,37.1,6.9,10.1,2.8
33199.0,33199.0,52.2,10.3,18.6,4.5
51457.0,51457.0,39.1,8.1,10.7,3.4
37887.0,37887.0,52.1,12.0,15.1,3.8
66164.0,66164.0,48.3,10.0,13.2,3.2
42909.0,42909.0,50.9,10.5,15.1,3.7
60033.0,60033.0,37.8,4.9,8.8,2.5
56259.0,56259.0,46.8,7.9,11.5,3.3
49055.0,49055.0,54.4,10.3,14.8,3.6
50113.0,50113.0,36.1,5.3,8.9,2.4
72993.0,72993.0,47.9,7.9,12.5,3.3
61776.0,61776.0,44.7,7.6,11.2,3.0
56981.0,56981.0,46.0,8.1,11.0,3.3
56698.0,56698.0,49.5,7.8,11.4,3.4
65955.0,65955.0,46.2,8.5,12.1,3.1
89331.0,89331.0,41.0,7.3,11.6,3.1
44773.0,44773.0,49.4,10.4,14.9,3.9
37319.0,37319.0,52.0,11.2,16.7,4.1
47748.0,47748.0,41.5,7.0,9.2,2.6
74456.0,74456.0,32.0,5.6,7.9,2.5
34442.0,34442.0,45.9,10.6,13.2,3.7
49242.0,49242.0,41.9,9.5,12.2,3.1
47360.0,47360.0,51.5,8.1,12.4,3.6
29521.0,29521.0,66.2,18.2,19.7,4.6
40484.0,40484.0,52.9,11.4,14.1,3.6
86715.0,86715.0,35.7,7.2,9.4,2.7
98247.0,98247.0,31.2,5.9,8.1,2.7
39394.0,39394.0,54.2,13.3,14.9,4.1
49639.0,49639.0,49.5,11.2,13.8,3.4
47183.0,47183.0,46.2,9.6,12.6,3.5
46064.0,46064.0,51.6,10.0,14.1,3.3
63503.0,63503.0,45.0,6.1,10.1,3.1
39392.0,39392.0,50.1,12.5,14.6,3.9
45969.0,45969.0,51.3,8.6,13.8,3.4
37738.0,37738.0,58.8,10.5,23.8,5.9
40199.0,40199.0,50.2,10.7,15.3,3.9
96936.0,96936.0,34.5,4.6,9.2,2.3
44391.0,44391.0,50.4,10.5,16.6,4.0
42807.0,42807.0,55.6,10.8,17.1,4.1
50141.0,50141.0,46.6,8.1,12.6,3.6
51788.0,51788.0,43.5,6.7,11.5,3.4
50267.0,50267.0,46.1,8.1,12.3,3.2
60452.0,60452.0,49.7,10.3,12.9,3.1
62238.0,62238.0,45.6,9.1,10.8,2.8
43767.0,43767.0,50.2,10.5,13.9,3.6
53481.0,53481.0,41.0,6.4,10.5,3.2
58075.0,58075.0,45.8,7.4,11.9,3.4
46651.0,46651.0,52.6,9.5,15.0,3.5
40945.0,40945.0,48.0,9.1,13.6,3.6
56693.0,56693.0,46.4,10.9,12.9,3.3
101427.0,101427.0,35.7,4.1,7.7,2.2
76113.0,76113.0,35.1,6.8,11.3,3.2
36423.0,36423.0,54.5,11.5,15.5,3.9
76235.0,76235.0,42.6,6.8,11.0,3.1
53785.0,53785.0,50.2,8.4,13.7,3.5
61592.0,61592.0,39.6,9.7,12.7,3.8
35880.0,35880.0,42.1,7.3,11.2,3.2
55384.0,55384.0,44.5,10.6,13.4,3.5
56781.0,56781.0,49.0,7.5,14.1,3.4
39578.0,39578.0,56.1,13.9,17.4,4.5
49773.0,49773.0,46.0,7.0,11.7,3.5
45972.0,45972.0,46.2,9.9,13.5,3.8
119731.0,119731.0,33.9,4.8,9.5,2.5
39513.0,39513.0,53.5,12.0,15.2,3.8
55295.0,55295.0,46.1,8.8,12.8,3.9
41180.0,41180.0,46.6,8.9,13.5,3.7
40308.0,40308.0,49.2,10.8,13.7,3.6
55970.0,55970.0,39.1,5.7,8.4,2.6
47246.0,47246.0,50.6,9.5,12.5,3.1
56738.0,56738.0,42.7,6.9,10.5,3.1
44348.0,44348.0,50.2,8.8,14.6,3.5
64878.0,64878.0,41.2,5.9,9.3,2.7
40880.0,40880.0,52.5,10.3,15.6,4.0
46715.0,46715.0,39.6,6.7,10.4,3.0
40545.0,40545.0,46.0,7.3,16.0,4.4
46986.0,46986.0,47.1,9.0,13.0,3.8
36085.0,36085.0,45.7,9.9,14.2,3.9
68043.0,68043.0,42.4,6.2,9.9,2.8
35871.0,35871.0,55.2,10.0,18.1,4.3
58377.0,58377.0,44.6,7.2,10.9,2.8
55865.0,55865.0,47.6,8.4,12.1,3.5
89373.0,89373.0,32.0,5.1,10.1,2.7
81850.0,81850.0,38.7,4.8,7.7,2.3
38940.0,38940.0,55.2,14.5,17.0,4.3
65818.0,65818.0,42.3,6.4,10.9,3.1
60163.0,60163.0,45.8,9.8,14.0,3.8
36624.0,36624.0,53.7,11.8,17.2,4.2
36042.0,36042.0,55.6,11.8,19.5,4.8
43714.0,43714.0,52.1,9.2,15.5,3.8
40808.0,40808.0,53.0,11.3,14.0,3.5
36176.0,36176.0,54.2,7.3,19.9,4.6
54319.0,54319.0,46.0,8.7,11.7,3.4
43909.0,43909.0,46.3,11.4,15.3,3.7
52568.0,52568.0,42.7,6.4,10.9,3.4
50002.0,50002.0,53.4,10.9,13.8,3.4
72008.0,72008.0,38.1,5.8,11.2,2.7
53168.0,53168.0,47.1,9.8,11.3,3.3
37732.0,37732.0,54.0,14.5,16.0,3.8
43192.0,43192.0,54.7,9.9,18.8,4.7
48056.0,48056.0,51.3,12.0,14.3,3.6
68734.0,68734.0,42.0,7.3,11.4,3.0
66209.0,66209.0,35.8,4.8,8.4,2.5
39686.0,39686.0,48.9,11.4,14.5,4.0
49019.0,49019.0,45.0,9.0,12.4,3.3
58017.0,58017.0,42.7,7.4,11.3,3.1
44975.0,44975.0,46.9,9.8,11.7,3.2
74268.0,74268.0,36.7,5.3,7.7,2.2
46233.0,46233.0,54.1,11.1,14.5,3.6
46720.0,46720.0,52.9,9.6,15.5,3.9
47747.0,47747.0,47.5,8.2,12.2,3.2
60187.0,60187.0,31.8,6.5,8.5,2.9
56382.0,56382.0,48.9,9.1,12.5,3.5
43119.0,43119.0,47.7,11.0,13.5,3.7
44371.0,44371.0,52.3,9.6,14.1,3.5
56489.0,56489.0,46.0,8.7,11.8,3.1
65993.0,65993.0,37.3,5.8,8.7,2.6
65163.0,65163.0,34.0,7.6,9.7,2.8
57299.0,57299.0,48.0,10.4,12.5,3.3
54438.0,54438.0,44.9,6.8,11.7,3.4
